评论,score
笔记 这个我必须有发言权 苏州刘庄旅游吃的预制菜松鼠桂鱼 三百多块,0.631926521609798
如霜紫萱 我也是黄州的 哪家啊,0.7848834423144085
舞麟阁 现做的出品跟厨师关系非常大,0.8077077250603866
加油摸摸头 吃过一次 鹌鹑蛋红烧肉没啥滋味 汤汁还多 酸菜白肉就一块肉 白菜还很老 一点也不脆,0.5846438194524713
依能yyds,0.5
就视频里这几种预制菜比我们学校吃得好,0.9241404052683503
草莓味的欢乐荳 我都宁愿我们学校用预制菜 保安说外卖比食堂还干净,0.564450419141831
那料理包确实比剩菜强,0.5372891468069306
麻婆豆腐一般很少有料理包 因为豆腐这玩意太容易碎了 在长途运输一下全颠成沫子,0.5654824466144339
最好就是不点没去堂食过的店,0.7962469529117239
预制菜对不会做饭的人来说还是挺合适的 买来自己做就还行 只要是合格品 总好过天天煮粉或者点外卖,0.988382045990021
真不如自己做 自己看着视频学做菜做个三四遍就能做的跟视频教学差不多 自己做的饭比外卖好吃太多了,0.9865183266001761
相剑君 自己做是真的费时费力 特指初学者 像我这段时间开始学着做菜 以前也总以为很简单看视频谁都会做 第一次做菜光是切土豆 清洗削皮切块 就能花上半个小时 严格按照视频来了也会出现各种问题 真的别高看平时一点都不做菜的人 预制菜对那些没有时间做菜的人来说真的还挺好的,0.9999868607945206
压味道 还有就是味道重点一般都感觉还不错 一般饭店也喜欢重油重盐,0.6270911770518147
HfBe_ 广东全是湖南人,0.5500151786065928
我学校食堂有一部分窗口就是这 直接放在那里让给你看到,0.9635353282970256
赌情压心 学校食堂的面条如果是初高中应该在8元以内才合理 大学食堂就无所谓了,0.9236708005820325
下次丕定,0.5430641228681603
下次应该可能大概也许一定 下次一定,0.7145813765364589
卢來佛祖丶 摸鱼职业选手,0.9832758968909774
线下扣肉很多都是提前做好的放冷库 然后在坐席旺季慢慢消耗,0.7811831455403523
笔记 一模一样,0.6417212162476561
落墨成念 平台25 骑手5 8块 包装费之类的 价钱一下就上来了,0.7542042312430468
这个牌子的虾尾真的不错 我家经常囤,0.960932105466673
蛮暴利的 代工海鲜的都知道,0.7874170874766012
明天就要归家 我也搜了一下 不过谷言好像已经是矮子里面挑高个了 我看它淘宝有14万粉丝 已经算多的了,0.9124776537243368
你怎么知道我们学校吃过期一两年的预制菜,0.898010828114607
额 你们学校真敢这样 是真的牛,0.9549171494986503
好吃吗,0.573170731707317
LOL吧啦 我觉得还行 就是淡一点 对你们江西来说可能算很清淡,0.8979949479212748
按理说只要材料和制作合规应该是没问题的吧,0.9476777009773522
蝶野翠Midori 外面下馆子点炒菜素的一般二三十 荤的话更贵吧 而这种一般也就是十几二十的样子 外卖走量不走质 这道理商家懂,0.5437050755879259
蝶野翠Midori 外卖肯定要中间商赚差价啊,0.702602441522379
酱油算吗,0.7862208336784853
说实话 味精鸡精啥的也算科技 重口味的菜高油高盐本身就是优秀的防腐剂了,0.9713222297286036
彳人二小一大乐 什么年代了 还搁这鸡精味精是科技,0.9056506377546929
高盐也是为了保质期 盐少了容易腐败,0.9432838867043928
你们家做这个的 那你们自己吃吗,0.5870385858155844
黑夜君712 料理包是肯定了但味道还不错,0.975122505643849
预制的龙虾尾我吃过一次 当时吃着还不错的说 但是之后尝了一次预制的豆腐泡 捏妈妈的 馊了 一股子酸味儿 怎么说预制菜也有优有劣 还是得自己判断,0.8709946330362562
龙虾尾哪个店子买的啊老哥,0.5627850093634321
人家那起码是肉啊而且比咱这还便宜,0.6442752536009682
我暑假还在肯德基打工啊 帽子工作服都还没还呢,0.9512210866181742
www呃呃呃www 便宜,0.6149758557828832
我也看测评和排名不错买了 估计要翻车,0.8439190246036988
买了几次up推荐的东西我真的是十分佩服up主 到底是什么样的嘴才能什么都吃的津津有味,0.9818137883348014
主打夸张 博流量,0.5128428970519175
都是广子,0.525113168663767
那肯定的 毕竟预制菜起源于美国 于1940年代萌芽 1960年代在美国实现商业化经营 进而孕育出目前全球最大的食品供应商 Sysco 美国西斯科公司 你敢说洋大人的东西不好吗,0.9946238221723037
奔跑吧沐沐 要是正常的原材料就已经很不错了 现在市场不统一 有的用劣质菜去做 这是最可怕的 其次就是这个问题,0.9800001823414514
你好骚啊,0.7537563845951999
杨小羊的汽水瓶子 有推荐咩,0.758652656175822
笔记 警告 警告 兰博红温了,0.9864415284342303
Uzi,0.5
你先把初中读完吧你,0.839980857507548
知道你又穷又没有女朋友 人品不好而且还喜欢阴谋论了,0.6064846278934498
桃心炸弹 哈哈哈除了骂你还能说出来什么道道 你确实是不知道钻石的价值啊 我不科普你这个没上完小学的能知道吗 er子,0.988315049500988
自己做饭永远是最实惠的 就是需要时间需要学习,0.9839131716631931
身体是打工人仅有的本钱了 监管做不到位的劣质食品赚的是命不是钱 现在随便点个外卖就40左右 试想加班本就辛苦 如果再踩到预制菜的坑 是身心双重打击 不过还是感谢up主做视频测评预制菜 我想这不仅仅是口味的问题,0.9982429115276824
陈微辰 毕业进企事业单位就还能继续,0.6434099563272423
这个价格真的是牛肉吗 不会是猪肉甚至鸭肉仿的,0.7876732180580861
胡椒粉白加黑 进口冻肉便宜到你难以想象,0.8670204436396926
每次都调皮我们 赞是不可能给的 诶 你又吃不着,0.8201531252156108
心安可 之前去吃蒸小碗 那个真的好难吃,0.7491430182098583
所以点外卖就点跟前儿常去的餐馆点,0.702946817350253
感觉平时买一些放在冰箱里冻着偶尔吃夜宵或者没时间或者不想做饭还是可以的 比泡面健康和有营养些,0.6858710155617422
料理包都是密封的 论干净可比外卖的小厨房好多了 能做出来卖肯定都是合规的,0.6553413117999346
配料表都写了 而且色素一般食用的都是天然提取物不会工业合成谢谢 别谈色素就是工业合成 还有防腐剂你见过罐头需要防腐剂吗,0.8005413632055883
本期无广 神之舌真实测评分享 口味仅代表我个人 仅供大家参考 如果大家还想看更多的预制菜料理包测评 记得千万不要忘了一键三连下哦 注 封神榜 名士榜 凡人榜 妖魔榜,0.9888072462801781
笔记 是这个吗,0.7826086956521738
22岁师范实习生 独居出租屋,0.9219260297742535
笔记 阿这 04 19,0.7769567370275434
那个龙虾尾已经从小区团购群买过七八次了 确实好吃 他家扇贝粉丝也好吃,0.9236546699942586
看你们说的我也想试试,0.7073727725475688
笔记 主打的就是真实嗷 up你说好辣的哇 让我来试试辣不辣,0.6245011418552752
这个怎么样 好吃吗,0.573170731707317
这个怎么样 好吃吗,0.573170731707317
这些年儿推荐方便面罐头的是不是也是你这畜生,0.6107675622873
为什么要学设计 关价格什么事 说的是方法 为毛要扯到价格上,0.6222526454050461
三花秋叶草 遵照的是冷冻食品的国家执行标准 没有这个的话他根本不能拿出来卖,0.616011611227278
主要是别卖我现做的价格,0.531470453934948
第一次这么早 看看能不能蹭到点赞,0.6324171176875226
为什么要引入啊,0.8999999999999999
不归南山间 为什么要引入给学生食堂呢,0.7116973539955848
当然好啊 不引入不是不好 而是没必要 性价比高但人家有钱不吃,0.8858480778069009
我们学校的饭就是预制菜,0.7411435996721633
讲真的外卖这么做和我自己挑方便面有什么区别,0.940264234114683
拼隆江猪脚饭那种感觉还算放心,0.5889509898925012
确实 前段时间拼饭买了个什么鸡 进嘴一眼料理包 我也买过料理包吃 这种味型太熟悉了 瞬间觉得亏了,0.7890041005768862
所以还是馆子最安心 能亲自看见或者听见炒菜声 外卖都不知道咋做的,0.516402597519654
作为食品科学工程的学生 面对民众对预制菜 防腐剂 色素等的妖魔化也是感到挺无力的 一想到辛某人都能被捧成辛圣就感觉科普道路任重道远 而且有时候甚至都不是关于食品科学的科普 就是关于化学生物的科普就能把你卡住 甚至都现在了还有人根据三鹿奶粉事件抨击我国国标 相关法规 不知道三鹿奶粉根本不是添加剂监管问题 而是出现了根本不应该放入食品的三聚氰胺 说到底是不法商家钻漏洞,0.9999999999999798
是这样的,0.5262327818078083
但你吃肯德基的时候确实挺开心啊,0.9477027358613807
这些高赞评论和按照时间排序评论 感觉非常有意思 耐人寻味,0.7736594610866598
你这样的饭喂你嘴里是不够了 还捏着你下巴替你咀嚼 都这样你还不一定会自己咽下去,0.9544316466353686
想看拉泽做军粮视频 ω,0.6831566887048118
预制菜味道都不错 但健康营养怎么样就不知道了,0.5032512300534695
笔记 听说你们在意添加剂 我吃这玩意咋说,0.7783059276222656
笔记 女主播,0.618399183881904
这一套 直接钠摄入超标 不出一年高血压,0.6255535144767351
推荐一下我们品牌 味知香,0.7069299685900723
正确的,0.757281553398058
我感觉这个龙虾尾是广告 主角 牌子给的特写,0.8341864363226665
害怕拉泽 好吃的时候吃哭了 难吃的时候却笑了,0.7512311991511548
植物油是什么油 这东西你别看一级配料表很干净二级是什么科技产品上面是不显示的 能自己做尽量自己做饭,0.9752451680349439
感觉这个价位不值得买 太便宜了 会吃坏身体吧,0.9076016893715853
大连小金子依依 便宜的真不敢吃,0.5381237071454016
外卖是这样的,0.7499999999999999
国家和这些大平台还是要立法立标准来区分鲜制食物和预制菜 让那些用心做食物的小作坊能活下来 而不是劣币驱逐良币,0.9571358572132971
来个说健康的人说下 那配料表上的那么多防腐剂 是准备为当古尸准备的吗,0.7982761444031566
我选择自己做饭 有一手好手艺享受的还是自己,0.9830468126355059
现在几个资本投资大鳄都在进行预制菜投资 他们的嗅觉预示着快餐餐饮已经来到了预制菜的时代了,0.99722596585299
预制菜提高底层寿命 不要身在福中不知福,0.6147378376913096
日本确实部分添加剂不需要写,0.9533580194876399
艾欧泽亚的光之战士 看来平时明治的牛奶没少喝啊,0.8062381779886588
换了遥遥领先啊,0.8228146236338989
坏了 那个回锅肉和我们学校的长得一模一样,0.7534963879079924
哥哥你那个 手套 戴了和没戴有区别吗,0.9995227698437855
怎么突然想买了,0.5267096248605424
省流 本期无广 无百灵鸟,0.670707146635745
11111,0.5
笔记 帅哥,0.9855251454642578
我学了两年厨师 营养膳食每天基础摄入量一般人都做不到 还在这里说健不健康的 那些人是真的 除了利 益相关我真的找不到什么理由,0.6778160578757955
视频中九州厨子的料理包我经常买 好吃 比外面强多了,0.6471534419334393
这价格 我心动了,0.8333107626995448
笔记 神之舌 哈哈哈哈哈哈哈,0.993680776901588
看到这个视频的时候 我正在吃同款龙虾尾,0.9082101098730221
模仿秀吗 感觉模仿谁,0.8468819379451156
确实 比自己做都便宜,0.8400838524489164
科普一下 预制菜最大的问题是滥用难以自然代谢的添加剂 所以配料表 干净 的预制菜确实没什么问题 也就是维生素因为长期冷冻流失严重而已 滥用添加剂的预制菜通常价格更低味道更好 多翻翻带图的商品评价是辨别方法之一 然而这本应该是由法律承担的监管职责,0.9996922809953884
比学校好吃 没开玩笑,0.8884058713207101
我们学校吉祥馄饨 直接不演的 当你面拿出来速冻水饺,0.9878951477762642
最传统正宗的鱼香肉丝就是酸甜辣 因为需要泡椒来把酸甜味转化为鱼香味 但是后来传到外地很多人不吃辣椒的 就去掉了辣椒 就成了糖醋肉丝 就有很多人生下来就以为糖醋味就是鱼香味 但正儿八经的鱼香味是指的糖醋泡椒,0.6521348250804794
店铺倒闭 剩下的预制菜包吃了一年多 山东某厂做的咖喱鸡和番茄牛腩绝了,0.5971811098727964
我可太 喜欢 下次一定了,0.5402327422347504
对好呜呜,0.6558628208940429
可爱的拉泽哥,0.7921244624821236
人类不宜飞行_,0.8777993895097295
要是大家放下情绪去看待料理包这个食品工业化进程道路上的存在合理性的话 用唯物辩证法的角度考虑下 它存在和兴起的土壤是足够的 在中餐西餐的区别来说中餐里适合搞中央厨房 预制菜料理包的菜品 从八大菜系里挑 总会有合适的几个并且好控制品质的 毕竟我们不是吃鸡翅薯条那些当正餐的 视频里出现那些菜品多年后估计剩不了多少 个人感觉举例番茄炒蛋很适合 番茄品种采购 鸡蛋品控也好搞 烹饪难度和杀菌包装那些稍微管控下未来还是可以不用操心太多 至于那个酸菜肥肠简直就是无语系列 2个都很难品控的东西差距多大也确实够客观 何况肥肠好吃的做法我好歹是个川渝地区人士 还是吃过不少 哪怕江油肥肠系列或者这边长寿肥肠的都比什么酸菜肥肠更适合 我这边重庆的例如火锅系列的早就有自热锅之类的解决方案因此料理包不可能在这类上发力太多 因为商家只需要控制火锅底料和菜品的一些预处理就够了 同理的还有螺蛳粉 没人会考虑买一袋连汤带水的螺蛳粉来加热即食 还是自然会水煮自己加作料配料 预制菜料理包的工业化发展早晚都要走这些歪路 就是兴起了之后个个老板都觉得有钱赚 小作坊或者法律条款待完善的监管不严 添加剂焦虑新闻多 zf方面想推进一点都难如登天 我是很期待将来料理包和传统饮食共存那天 各有各的优势 我也不会去买鱼香肉丝麻婆豆腐之类的料理包因为我在这边还有做这个的厨师和餐馆,0.9995313891184455
手机刚刚做到全民普及 从城市到农村 的时候 大家都说手机放在枕边会影响大脑健康,0.9969678206935264
碉堡的鸡爷 那他最好这样,0.6468877157293378
预制菜是不太喜欢进学校的 五星酒店吃到预制菜的概率比在学校吃到的概率都要大,0.7856872744522297
说实话 看着卖相已经超越了很多日本的中餐店了 如果不是不能常温运输 我真的想寄几箱到日本吃,0.7667014563155915
所以我现在点外卖都不吃炒菜了,0.5712662596265247
感恩试毒的小拉泽,0.7897885935981256
我去 1000 人正在看,0.7151894100545805
川菜,0.7458258342590303
比方便面好,0.5627183301037374
简单菜还是自己做感觉比较好 有那种做饭的喜悦感 但我也会买一些预制酸菜鱼 还挺好吃的,0.9882914057223725
毕竟老板开店也要赚钱 这是别人的谋生手段 表示理解,0.8344463060588759
这预制菜怎么跟我们学校食堂长的这么像,0.5713804343699027
弹幕给我看笑了 一堆一点生活阅历没有的玩意搁着指点江山,0.6519756933421513
有的人从来不看配料表 看到这种预制速食食品就狂刷科技 辛吉飞这小丑一个劲的制造群众恐慌 早该封杀了,0.578948071631775
放弃外卖才是正道 要么自己做 要么直接买预制菜 骑手 店家 平台 中间商太多了,0.5402953318692103
九古璃 多划拉几下 其他评论那么多推荐的,0.5188523101680245
小白March9th 你倒是推荐呀,0.7496510850221098
这是敬汉卿徒弟吧,0.73374758656285
还不错,0.8830153175079881
品控很关键,0.909897433428417
前几天爆出来的陆家嘴买的那几块毒地 盖了三年 学校都盖好了 人家外国人来验收检查出来土里的致癌物超过正常的五十多倍 我不知道在哪里每天用手接触土地的农民工怎么办 整整三年,0.9853977948244377
你试试看备注呢 比如改变辣度 或者不要里面某样菜 改不了的就是料理包,0.8433411437631176
能不能出口一点到英国啊 我觉得这边更需要,0.8033481378761355
没有垃圾的产品 只有垃圾的价格 这句话在食品行业依然受用,0.5477733666332115
每日日常带手套,0.9851093782637141
你说得对 但是老坛酸菜必须用汗脚 这滋味 才酸爽,0.7781257115253467
青岛啤酒也比别的杂牌啤酒香味更浓 毕竟老牌国货大品牌,0.9993595649863144
up一直给我一种话很多但又没什么文化只能咋咋呼呼的感觉,0.5475295454912648
预制菜我持这样的态度 便宜的外卖或者像我一样的打工人下班做饭用太多时间 自己存一些新鲜的 没有问题 节省时间和钱 但是要在中小学和幼儿园推广我是绝对反对的 孩子们吃进嘴里 但是永远不知道这个预制菜是新鲜的还是临期的 预制菜的产出量绝对是非常非常大的 而且存储时间很长 至少6个月以上吧 卖不出去的那些 就会流通到看不到生产和保质期的地方去 外卖我能理解毕竟价格会便宜 咱们都心知肚明 但是学校 我们就不知道了 还好我老家那边的小学 每个月学校都会邀请家长代表在不通知送餐公司的情况下突击送餐公司的后厨 不能百分百保真吧 但是放心很多了 学校还有每日留样,0.9999966066190219
不点赞我可太舒服了,0.9633444084928314
应该不是龙虾尾的软广吧 不然后面的测评也没人敢信了啊,0.8871036329357194
现在南城香和合谷不都是料理包,0.7658999985880267
超市,0.7304347826086958
每一个都和我学校食堂的饭一摸一样 长相 我现在真的怀疑我吃了四年的预制菜 倒不是害怕 而是觉得自己亏了,0.5025115376138628
不是预制不预制的问题 外卖就少吃 我亲身体会的 前两年工作问题一直吃外卖一段时间 今年几乎都是自己煮饭吃 身体感觉和气色 真的不一样,0.8278589594305011
以后会进化成糊糊 这么看起来 印度糊糊领先我们100年,0.9811774295837671
拉子很高产,0.6254977536568369
江西小炒好吃,0.5545187442303265
拉泽拉泽 可以测评一下各大店铺的零食大礼包吗 辣卤的 想看看性价比如何 对比单买散件 同种类型啥的又有哪个好 哪个比较坑爹,0.8989018223251192
拉泽哥 可以白嫖此视频吗,0.5443998812093885
像没消化完的产物,0.7190617110422166
为什么拉子每次吃到难吃的东西都可以一点表情都没有然后说出 好难吃呀,0.5227040949576682
所以我点外卖都是点见过的有实体店的 活着快餐 那种新店从来不点,0.9282306723154339
新鲜的,0.5409836065573773
太快啦,0.5438829062228017
好早 哈哈哈,0.9177436047142747
来了来了,0.8333333333333333
拉子可爱捏,0.7742997778127416
第一个来的,0.5242466112163107
第一,0.5503512880562061
尽量吃新鲜食物食品,0.7399174907855335
talefw 好的好的,0.7464499757749433
回去读小学,0.9048834201110411
九州厨子的料理包我经常买 好吃 而且配料表干净,0.8133191195170976
笔记 省流,0.816360890622451
辣的能掩盖某些味道 还是少吃吧,0.5179912001509155
好吃就行 健不健康的纯属马后炮了 正常人连维持正常基础摄入糖盐都做不到 一两勺就超标的情况下谈健康实属多虑,0.9920100688895533
真不喜欢拿预制菜健康说事情的 学了两年营养膳食只后对这些早就看淡了 只有无知者还在叫嚣,0.7680151283571574
虽然但是有的预制菜买回来自己做还挺方便的 就是有一种感觉也很好吃 偶尔吃一下感觉还OK,0.7425277929995142
每天花个半小时去附近的小炒店里点现炒的菜不好吗 就这样我家里人还说不健康 不卫生自己做才最健康放心 我家亲戚都这样 连我大伯现在年纪上来了 在外面做工都回家自己炒菜 说外面的炒菜不健康,0.9632032856067891
本来已经点赞了 既然拉泽哥又要了一个赞 那就再给一个吧,0.9567151943734126
呆毛狐狐 没那么难吃 就是正常外卖的味道,0.9793980323266366
之前评论区的言之凿凿猪脚饭猪肘饭 绝对没有料理包 放尼玛的屁 我前几天点了一个 问送餐的骑手 他们是不是正经的餐馆 骑手说 没有堂食 现在做外卖的搞堂食的少 这是他原话 然后我让他给我介绍了一个正经餐馆 以后就点那家了,0.7118611749716075
5000人同时观看 4000个赞 不愧是拉泽,0.9999708811180001
咀嚼能不能把嘴巴他媽閉上 吧唧嘴噁心死了 最討厭跟這種人一起吃飯,0.8917467653951675
看过ip 建议别评测辣味的东西 感觉过于夸张了,0.6999039726761807
失落兔wwwwhere,0.9966586313166176
人才 戴好手套用没戴的去拿,0.9955575548984508
笔记 年夜饭,0.7642109438026377
拿来当应急食品还是不错的,0.9272513001490407
新美香的还不错的,0.9911896355761216
不反对预制菜 本质上方便食品都是预制菜 问题在于有时间的自己做更好味 没时间的点外卖就行 再省些速冻饺子 方便面 预制菜到底谁吃,0.5675906259139535
外卖还得是麦当劳,0.8576145111806531
建议全国的幼儿园们优先引进食用,0.6272972437195522
你流量好大啊,0.6371162528700396
这全吃完 人没了,0.5321380391311793
目前中国的预制菜市场服务的对象具体是哪些 预制菜的安全质量程度究竟如何 对预制菜在市场 餐厅 学校 外卖 等的普及达到了什么程度 中国的预制菜市场未来发展趋势是什么,0.9999074427878062
有什么问题,0.5262327818078083
高盐怎么说 还健康,0.7068891110133859
之前我guyan的吃了半年多 确实很不错 不知道还有没有更好的,0.8787046604314257
便秘表情,0.6638710739546316
好我看完了 x宝启动,0.7732616903171902
点外卖的是韭菜 还是送外卖的是韭菜 送外卖的看到了 会不会自己开店 自己送餐,0.9055343605719536
你的手套是用来看的对吧,0.5618565332226944
真功夫,0.6319080559748471
预制菜和冲泡米饭陪伴本穷b很久了,0.8977310724074318
卧槽,0.5
从来不穿裤子的小拉泽,0.8534465556194423
饭菜肯定自己做,0.8431565638963128
CipherK,0.5
Z美美子,0.8303308612048839
心动了 去买点预制菜包回家吧,0.6520496792494611
关注你好久了 你的视频超喜欢,0.9157758967385905
叫什么呜呜我也想买,0.8752090552187864
小小剑061,0.8587380414712867
感谢up排雷,0.6683202541037561
月亮不甜_,0.8507320935932796
那个小炒黄牛肉和我大学在校园点的一家外卖一模一样 里面有好多的蒜粒 我每次都特地备注不要加蒜 但每次到手打开还是一堆蒜 感情我吃的一直是料理包 十七八块一份对于大学生来说还是有点小贵的 真黑心啊,0.9941996422653417
学校附近的小店用预制菜做盖饭 15一份贵吗,0.5638175218926733
暴利,0.5
外卖早就用这个了 多少年了,0.7642968946032409
被你逮到了哈哈哈哈,0.855948838728563
这比我自己做的好多了,0.6512666500341503
淘宝买五六块一包 挺不错,0.9112430466335583
白嫖使我快乐,0.9610955132289901
我喜欢从人性的角度去分析 人性逐利 所以预制菜上了台面 肯定会有人做更加劣质的预制菜 劣币驱逐良币 如果没有国家宏观 管制 这种效应必定会愈演愈烈 现在很多人在抵制预制菜 好歹还有点作用 会有人去盯着他们 当预制菜成了家常便饭 谁知道里面又会添加点什么 所以不要以为 抵制预制菜就等于没有预制菜 反而是抵制预制菜可以让预制菜的生产以及食品安全监管方面都更加严厉,0.9809869930823585
预制菜说白了 目前为止还处于一种不坑穷人的状态 低线城市卖这个亏本 便宜的外卖 用了这个也不亏,0.7080335596287392
这个龙虾尾我吃过 确实不难吃 和现做的不能比 尺寸比较小 但是确实越吃越带感 味道也好吃,0.9843123424105265
十年前就在吃的军用自热米饭也是预制菜 真没必要妖魔化 健康卫生营养就行了 口感是最没用的东西,0.7313299934338482
福建预制菜外卖十分严重,0.6407763191912358
跟我学校的一模一样 我还经常吃,0.9289070535769105
福建淳百味全是,0.5166941455773615
都吃外卖了 以为会很干净吗,0.6991928973480581
沦落到吃5块钱的料理包还要啥口感啊,0.7613487169046731
吃虾尾时 手套好像戴了 又好像没戴哈哈哈,0.9945488509501267
现在外卖十家有九家都是这些 剩下的大部分是冻货,0.5491932382407229
会做饭的人才会更会享受生活,0.9262707311251817
神君sj,0.914689410061843
对于我这种独居单身大龄打工狗男人 还是很有吸引力的,0.9492060249239549
会做饭的人才能更好的享受生活,0.9452046661278027
大伙儿注意配料表了吗 基本上没有食品添加剂 防腐剂 但保质期都是一年 这是当大伙儿都是傻子呢,0.9253821201320483
口音正确是哪里的口音,0.9844290326144228
马德今天才知道 我吃的青椒肉丝怪不得每次味道一摸一样的 我还夸老板技术好,0.7715684429247858
说预知菜没有问题的 你们就多吃点 从今晚开始吃 让各种防腐剂腌投你们 然后不久的将来 我相信你们的医药费会比生活费高的 病从口入这句话真的是一点毛病没有 加油吃 可劲吃,0.5830614241086189
肉发死是什么样的口感,0.6820901570856495
现在呢外卖真的越来越难吃了,0.7383175389554356
海底捞里面小吃都是这样的,0.9720431714462918
预制菜最少四五年前就有了 怎么最近才纷纷讨论呢,0.6763283060054321
他的手机是啥的呀,0.559322033898305
有的但是不看价格 其实还可以,0.518022871264698
百灵鸟,0.6110062900136304
我食品专业研究生 真心觉得预制菜行业可以侧面反应一个国家的发展程度 当预制菜发展到人人买的起人人吃的放心哪哪都买得到 那说明国家发达程度已经相当可以了,0.9996193397668353
关键是学校食堂真不好吃啊,0.894158651907818
预制菜比不了大厨 大厨做的真的太好吃了 而且还有好多好多没见过的新菜 刚出锅的口感真的很爆 油盐刚刚好 健不健康暂且不论 在好吃这方面想要和大厨打平手在段时间是不可能了 现在的预制菜 比我做的好 但是油盐都很重 口感又是复热的 真不是很行 也就现在价格不高,0.6513801099505906
预制菜分三六九等 大厨级别的味道能做得出来 只是资本认为不会有多少人买单所以没去研发而已,0.8273747032597355
猫尾草 维持在一定利润不抬价这种事情随着市场不断发展是很难长期存在的,0.8394374711297552
我怕的是预制菜全面铺开后 利用自身的成本优势与资本优势 冲击餐饮业 类似于垄断 我们的餐饮 现制菜 可能会逐渐式微 菜品多样性减少 很多菜品失传 不适合制成预制菜的 或预制菜资本进行不良竞争 压制价格 利用资本占据市场份额 最后 人们开始从可选择预制菜到只能选择预制菜 中华饮食文化变为工业食品文化 饮食变为资本又一个工具 个人的一点点担心 欢迎讨论 质疑与批评,0.9999999265382354
当一个文化不符合时代发展的需要 那么被淘汰是必然的结果 美食 只要他够好吃就不可能失传 预制菜代替不了真正用心做菜的厨师 只能代替同样是预制菜的西式快餐的地位,0.976875252225771
忧桑の風 他考虑的是资本是否会为了过度追逐利益 而用劣币驱逐良币 资本是能异化一切的 当时代的发展都被资本异化了的时候 你所说的理论还能成立吗,0.999998785835231
餐馆打出标签 现制菜 明厨 就赢了,0.6678711002995528
Ace ATR 大聪明大家快过来看,0.8253088209446897
秒懂百科二世 现做的 你要有空闲时间 现在的生活节奏快的很 根本没有时间做 你中午两个半小时的休息时间 做个饭在把饭吃了没有一个多小时别想了 有那个时间不如多睡一会,0.8930233697164961
可是麦当劳本来就是快餐店啊 和饭店是两种分支,0.9589367072255387
农村的那种流水席食材都是主人家买的 厨房都是开放的 比城里的大酒店干净多了好吧,0.9348212341449958
任谁花了一份手擀面的价钱买到一碗泡面吃都会不满意的好伐 同理任谁花了一辆奥迪的钱结果卖家卖你的是奥拓他能满意吗,0.6075173561679315
别说预制菜了 连亲戚朋友请吃席我都不想去了 除非是那些正规的酒店 可能还有点好吃的 不然外卖都可以点到全国的美食了 甚至是全世界的 或者自己去商城里可以随心所欲的选择 这个时代有太多的东西可以被替换了 感觉我00后可能还会被老一代束缚 下一代估计就不会了 吃席和别的东西都可能变成历史了,0.7334499628443651
都是价格问题 你一袋卖100大伙纷纷抵制 一袋1块大伙只会叫好 方便面这么多年来不就好好的,0.7076482590166545
什么万亿市场 本质就是资本去小餐厅工作人员的饭碗里抢钱 客户还并不愿买单 预制菜应该像压缩饼干一样 要有 但不应该泛滥,0.599686315578015
知情权很重要,0.6497584235794808
我不排斥预制菜 我排斥把预制菜当现炒 我怕以后吃不到现炒 去哪都一个味 最主要的是监管监管监管 食品卫生安全这个至关重要 还有就是规模化生产后市场定价明了 会不会出现垄断 没得选择价格还高那就太棒啦,0.7105644885951549
能用信息差赚钱的仔细想想 普通人应该挺难的,0.648650307369227
预制菜可以吃 但得看怎么吃 什么时候吃 食客付出了现炒菜的代价却获得了预制菜的体验 这是不能让人接受的 什么场合该吃预制菜 什么场合不该 这也是应该深刻关注的 毕竟对于中国人来说 饮食不仅是一种生存的行为 也是一种有深厚底蕴的文化,0.9999999641593671
bili_33757115851,0.5
预制菜 本来就是一个很广的概念 很多网友抵制的那叫 料理包,0.693580952563907
那就不叫预制菜了 叫厨房工厂 没有防腐剂也就和豆奶差不多,0.9104350280899478
笔记 发明一个东西是为了让用它的人变得更好 而不是让卖它的人变得更好,0.9428718658927988
你说的对 选择权也很重要 社会上消费者知情的情况下可以选择吃或不吃 但是预制菜进校园 学生有选择权吗 可以选择不吃吗 好多新闻爆出学生不吃学校的饭 中午不让进教室 甚至不让进校园 这是什么样的学校,0.9998827225227015
闷骚小苹果 加班是自愿的 现在连吃饭也自愿了 资本垄断那套 预制菜我自己买来加热在家吃好了 也可以现在买菜自己做 预制菜价格也不低吧,0.9628419968785161
up好有责任心 关注了,0.8862093529781225
中国食品报融媒体 感觉不如今晚2100在线,0.7160067792312135
某天朝的中二少年 我也是觉得 好多矛盾兜兜转转都会转到房价上,0.9873117377433176
笔记 这句话是不是有错别字 含 应该是 寒,0.8473644630649241
过期报纸要不要,0.5806777786853257
中国食品报融媒体 我现在就要看下个月的报纸,0.9340317174672571
最后一句本身就体现了实际上大众对预制菜是有偏见的 这种非理性的偏见需要时间来消解,0.5223817110681482
我自己住 吃的就是那种预制菜 米饭也是预制的 冲泡米饭 图个方便 微波炉5分钟 就能吃了 还挺好吃 其实价格不算便宜的 一包吃不饱需要两包 加起来合计十块钱左右 相比于自己做成本还是高了些 主要是图方便 配料表也没有添加剂 就油盐酱醋这些 有些牌子会有添加剂 我挑的这个没有 对于我来说非常之方便 再也不用叫外卖了,0.8908065935747006
我也差不多 懒得做饭的时候就吃预制菜 买的某大牌的 虽然贵了点儿但是相对放心些 比很多外卖便宜健康 不过米饭我是自己做的 单人小电饭煲才二三十 一个人够吃了 操作也非常简单 大米是家里 我家哈尔滨的 有亲戚在五常 邮的五常大米 就着啥都好吃,0.6709089423289722
大部分人就是这样,0.5590415793155832
确实只要价格合适,0.8693660927038183
吃着老坛酸菜品质的预制菜 花着和现做菜馆一样的价格,0.543143675183034
说白了就是我自己在家方便面咋吃都香 但我都到饭店了还把那方便面装碗一个买十几真的膈应人,0.5349199791763243
算 所以速冻饺子比手工的便宜好几倍 如果真的是手工的话,0.7706734112244368
就是啊,0.5262327818078083
看到你IP我都快哭了 之前去你们广东真的是美食天地,0.7557160141791558
我怀疑提出预制菜的也是间谍 中华文化里 饮食文化也是很重要的一部分 中国人之所以一直生生不息 就是因为文化的源远流长,0.9958224202363355
你别说现做了 等会大企控制新鲜食物来源 让你菜市场都买不到什么好菜,0.7821672483589304
哈皮猫哟 哈皮猫哟 这个应该短期不会发生 长期的话要看国家是怎么考虑了 毕竟大企的命脉还是在国家手里,0.9673482241063636
看是谁生产的 如果是个信誉可靠的大企业 内心还是放心的,0.952488711926346
吃席吃的是一种文华,0.6822054056086032
笔记 含 更正 寒,0.9546212767438771
Fluentmultiphase 平常吃的方便面 速冻食品不也是预制菜的一种吗 说到底是新兴市场被激发 行业整顿和信心建立需要时间罢了,0.6877895088195483
质量过关比啥都强,0.9029047766851069
对啊,0.5262327818078083
我都拉黑好几家外卖餐厅了,0.7121994606145111
我爱工业 化纤工业让普通人以低价便可以驱寒保暖 化肥工业让食物 热量焦虑成为历史 预制菜我甚至很欢迎 但食品卫生和价格必须符合工业应该有的水平,0.9999039234628602
确实,0.6538461538461541
豆芽w 已经这么夸张了吗 我才回来一年,0.6125411793988005
确实 预制菜应该出现在商店货架上 供大家选择 而不是饭店餐馆外卖中,0.5875678523144765
以后就是营养液 蛋白质饼了,0.6184777508821596
那个桃子样子的豆沙包 自打我有记忆以来我这边农村大席一直都有啊,0.9718386392193011
我附近吃席的预制菜也只有小甜点和喜多多罐头 凉的 挺好喝 其他菜品都是现做,0.7548252169689759
别和我抢就好,0.74577200387023
化学黄大爷 香港這個傳統很少,0.7752373884466321
辛教徒警告 科技与狠活警告 海克斯科技警告 多吃点警告,0.9144212422546503
求分享,0.6945081610376465
很多发达国家叶子也合法呢 你要不要去飞一下啊 什么都拿所谓的发达国家类比是什么心态 每个国家的饮食习惯不同 对于预制菜的接受度肯定也是不一样的,0.8837049715176214
正确的,0.757281553398058
御坂17643 预制菜亦有差距 超市有的是冰冻上校鸡块鸡米花洋葱圈薯条卖 现成的鸡排和汉堡面包沙拉酱也有 实在懒得动手也有麦辣鸡腿堡面包3块一个 这些可不贵 别老盯着那有品牌溢价的东西看,0.9353557363816873
LemonDuck柠檬鸭 现在主要痛点就是没知情权,0.8181736074300109
预制菜很难界定 毕竟严格来说kfc这类很多都算是预制菜,0.8280226085512025
做预制菜满足出餐速度 品相统一的要求 这个东西如果能够在饭店菜单中分门类出来 那就是很自信的表现了,0.9982596634971731
好家伙,0.6317853705682674
农村大锅饭很香的 可不是那些垃圾外卖能比的,0.5136685708110137
调低标准是我听过最蠢的话 无论是从什么角度 商家都不会这么做的 因为百害无利 所有的垄断企业都迫不及待提高标准来提高行业入门坎 降低标准无异于自杀,0.9391363676040039
预包装食品应该在商超便利店 而不是餐馆,0.5728928947313678
餐馆买了去,0.5653869178281263
这条评论下面的讨论足以见得 预制菜 的定义和分类之混乱 在这定义与分类之前这种争议会一直存在下去,0.6018412826281228
想想看 如果有人请你吃席吃的方便面你会怎么想 预制菜本质是一种方便食品 不具有长期替代常规食品的能力 正反双方都把这玩意看得太重要了,0.5408296353007829
使预制菜具有这种能力也是发展期望之一 有添加营养补剂和改善工艺降低损耗等思路可以用 当然这个前景远大不代表现状可接受就是了,0.9405684296495713
他应该在便利店 在专卖店冰箱呆着 想买的时候再去买 而不是直接上餐桌,0.8479076948766814
看了一下你的动态 先毕业在讨论吧,0.8910951776907693
大家好我是阿道夫希尔 严格按照国家规定我个人还是能接受的 但是还是现做的新鲜,0.8095599472910828
特别是轻食类寿司类一份就30 40块了,0.8040116060029582
仰望星空_沧海一粟 确实 预制菜 素的很少 保存也难 不如我白开水煮个菜 外加泡面 不一样预制菜麽 健康多了,0.6321137026246872
流水席的后厨小时候我就看过 都是一地的包装啊 罐头啊 大家都没说啥 怎么现在才有人关注,0.7455446458154932
牛吃饲料很正常的好吧,0.8225226516485209
还有好吃与否,0.573170731707317
所有的事情都应该按照这种方式进行,0.7030374380704815
总感觉在试探着什么 我身体不好还是老老实实烧饭吃 少油 少盐 少果糖 这东西加工好的里面添加的最多 这么吃老健康了 嘎嘎降指标,0.8953598892889343
没事有锅气香精,0.7411582126335747
锅气是什么,0.5
饭店我图的就是他不同的风味和做菜方式 妈妈做的菜有妈妈的味道 餐馆有餐馆的味道 但是预制菜 我真不好说,0.8982672315678601
对啊 自己买来用啊 打工人没时间在宿舍叮一下,0.9305404466799271
某些家长眼中 辣条泡面饮料 剧毒 抽烟喝酒嚼槟榔 缓解压力延年益寿,0.9973985425860299
没油烟挺好的,0.8129776659132966
热气腾腾的锅气是他无法呈现的,0.9390253257427941
冰淇淋苏打是饮料 锅 锅气香精 多种口味供您选择,0.9907478376858901
我们学校吃的预制菜 那个真的ex 口味很重 感觉加了不少盐 我还经常吃窜 而且学校经常烧好几顿 夏天有时候吃到的都是馊的,0.9810707186398006
这个视频终于重视这一点了 我曾经私很多次了 这事情并不是吃添加剂吃死人的问题 而是菜品究竟是不是现场加工 添加了什么种类的添加剂的问题 这真涉及到知情权和选择权 以前我一发 就有人喷 现在人家自己就提到了 你来喷啊 点赞,0.9856927582356856
建议大家点新商家的第一次外卖时 优先看平台上的商家营业执照与卫生许可 那里有准许的食品类别 很详细的,0.7604031390661656
学校旁预制菜蛮多的,0.8579088772511287
就是学校旁的小店,0.9370992811333416
这么说吧学校除了炒菜都是预制菜,0.7249706637275556
预制菜本身就不是高品质的原材料制作的,0.7394881929319027
预制菜就不应该进入餐厅 安安静静做个应急或者方便食品不好吗 就像是历史上罐头的出现和在欧美盛行 预制菜大肆进入餐饮业就是资本对人民权益的侵犯 受到利益驱使 所有餐厅都用预制菜你不接受也只能接受 你有了知情权却毫无选择 又能怎么办,0.9969563975126134
很简单的一个道理 听北方朋友说 如果北方有哪个面馆敢给顾客下挂面 那它绝对活不过一个星期 同理 在四川 火锅店和凉菜店存亡各凭本事 大店干不过小推车是常有的事儿 食客不是傻子 好吃不好吃心里有数 更别提国际上 你说我国啥问题我都可以和你说道说道 唯独食物 你说我国食物难吃 那必须是 你没吃到正宗的 这也是一种民族情感 有一就会有二 当民族情感被机械取代 就会变得赛博朋克社会一样 那么我们维系的民族情感究竟算什么 资本赚钱的工具 以上均为个人认知的底层逻辑,0.999743980880357
夸张点说 有点类似于未来电影里 穷人吃工业食品罐头 富人享受现烤七分牛排的场景 这种想法比较极端 现实当然不可能,0.9995009941420421
没事 这得看是哪的农村 我觉得临夏的农村肯定不会对吃席那么糊弄 临夏的农村肯定吃席会亲历亲为 现做,0.9434811924841495
别空军了,0.5
东西好不好不清楚 食品安全让人不放心倒是特别醒目,0.8933127742220796
但是大家都知道 便利店是预制 有些便利店都是冰箱盒饭 摆出来的非常明显,0.9561134624862948
新国标可能不算了,0.5151837702537116
好事 社会分工嘛 专业的人 做专业的事 在农村办席很累的 家里办喜宴 母亲为了攀比 一定要在村里办 不说自己家人 就是亲戚邻里 都请假几家回村忙上忙下,0.7758265178162784
预制菜在高压高速发展的社会上是不可阻挡的,0.9030855442398044
高速发展 大家都没时间做饭菜呗,0.9540634548984158
只要预制菜 便宜 健康 方便获取不用想保证能火 但是它既不便宜 也不一定健康更不见得有多常见又怎么让人觉得可以呢,0.5166439182660061
辛教徒 科技与狠活啊海克斯科技啊不能吃啊啊啊啊,0.9889753849283471
刚在主页看到说辛圣的视频 点进去就没了资本的力量,0.7887166592208036
还辛圣呢 很喜欢辛吉飞点赞 的一句话 食用盐里不能出现氯化钠,0.9985921167536496
说的话听中肯 不是有个国标没防腐剂几句话就了事 可能没有防腐剂 放在包装袋里好几天不坏掉 自己做的过一天就得坏 尤其是夏天 这种食品能吃常吃 估计以后发展壮大了哪哪都能碰见避之不及 我是抵制的,0.7368234364348398
冰糖葫芦丫头 绝大部分还是有添加剂防腐剂 为啥跟家里做的饭味道有点区别 就是加了些你买不到的东西 像你自己做饭 你会整添加剂么 那不可能 对吧,0.5225202472710889
笔记 定一下 叮 一下 这是一个拟声词 化学黄大爷 中国食品报融媒体,0.9954350332780588
所以那么关注福建游神干嘛 我们那边游神后的请客吃席都是村里大厨先现做的 菜多量足山珍海味 过年有亲友家游神请客 记得去蹭饭,0.7476059706662176
现在很多手抓饼的面饼也都是预制的了,0.7333299737395873
芙莉西亚虫惑魔 手抓饼的饼皮一直都预制的吧 至少我印象里差不多06年左右那会儿在路边摊吃手抓饼的时候 就已经是预制的了,0.9665037304069337
可能有些人会觉得预制菜这条路走不通 但在社会上的普通打工人应该都清楚目前成活成本之高 我之前包括现在也在抵触预制菜进入市场 但不得不说的是大部分年轻人现在对于一些传统文化的淡忘 以及生活成本的加剧让大家不得不被迫接受这一类的食品 当然都清楚传统文化的淡忘以及生活成本并不是我们所能决定的一些事 只能说有些人逼着我们去淡忘 去接受 我认为不可能会有人心安理得的接受这个东西 都是被逼迫着接受 并且对这一类的东西你是没有反抗的权力的 既然没办法去决 说回大家最担心的质量问题 其实从一开始的被迫接受就已经看到了结果 至于质量这一块 那纯粹就是赌别人的善心以及监管部门对于责任的落实 也不是我们能左右的 这两部分本应算是预制菜进入群众生活最大的阻碍 但现在来看 你没有选择的权力 怎么摆弄你 你只能接受,0.9999999986602179
做慈善,0.9084564130940795
西方国家已经走过预制菜的坑了 甚至说还没走过呢 美国为青少年提供的预制菜食品 在防腐剂等添加剂上严重超标 更是造成了美国青少年肥胖率高的危害 我非常赞同up所说的初期就要把规矩定好了 其实预制菜在各方面相比于传统菜品都有着极大的优势 对于预制菜 我们不能遏制其发展 但更不能让其放肆发展 政治上讲过市场的自发性会令其陷入一个疯狂的境地 因此有关部门更加应该严格出台相关的法律法规 让人们的食品安全受到保障,0.9999999991863442
一二三四名字长 可以买点放公司冰箱 自己煮点米饭 带个番茄 午餐叮热 感觉也挺划算,0.8084366259270054
看一眼大洋彼岸的学校预制菜餐吧,0.914948572693111
欧美食品工业发展得早 发展程度高 预制菜普及率肯定高啊,0.993681126451271
我不在乎预制菜健康不健康 我只在乎便宜不便宜,0.7200358834884197
感觉预制菜就好像是西方的罐头一样 西方的罐头很好卖因为那边的观念已经定格了 方便 便宜 但是国内对罐头还是比较抵触的 一方面是罐头价格要高于市场食材本身的价格 所以预制菜就慢慢的出现在大众视野 其实这两者都是差不多的东西 只不过预制菜更便宜 和西方一样一斤猪排五十多美刀 但是同样规格的猪排罐头却要十美刀一盒 国内这边的糖醋排骨罐头是28 38之间 但是新鲜排骨是15 25 预制菜一份糖醋排骨是个位数 所以我们这边的预制菜和西方的罐头差不多大同小异 只不过饮食不同 韩国和日本把一些预制菜当成高级料理来吃 我们这主打的一个新鲜 有新鲜的蔬菜吃谁还要吃放了很久的,0.9995310499967051
各行各业的标准基本是国际上最低的标准 很容易符合国标却很难达到欧标美标的标准 所以大家都觉得进口的商品质量好,0.8843259454682312
如果看成泡面呢,0.7297953905324696
我从小吃席 最后的奶黄包 各种糕都是预制的 只不过好歹给你拆了包装 这种直接上的还是太离谱了,0.6439598830416855
如果预制菜真的普及了 那我就自己做 咱们吃路边摊 麻辣鸡 一个预制菜你还1 2万亿元的市场 这里的市场是抢夺了正儿八经的餐饮市场的份额吧 又不是新的领域突然多出这么多市场,0.8584084655801612
风乱雨CNC 还有炸糖三角 炸麻团 总之甜品几乎都是,0.8060168765682233
有没有一种可能 中国的文化中吃食占有很大一部分 从古至今多少传承下来的宫廷菜肴名间小吃 并且从小到大环境 教育都渲染着人们中国的食物文化博大精深 从古诗但英语课本 难以接受预制菜是非常正常的 毕竟中国各地的 食文化 能做到基本不同是很多国家做不到的 底蕴摆在那 更何况 民以食为天 发展到如今的 餐桌文化 中也不缺其饭店的意义 再说回现在 虽然年轻人普遍都追寻快捷 但仍然会为一顿饭出去打车 为的是吃到新鲜的 美味的菜 和朋友聚餐啊什么的 这样一来预制菜的市场可能更适用于上班赶时间在家里热热就吃了的情况 饭店就不用帮我们热 也不差这点电费 最后 想想为什么外卖行业的出现和盛行 同样的快捷方便 虽然仍然会有人质疑食品质量却很少质疑其存在的方式 我的建议就是 预制菜出现在商场或许更好 可以鼓励饭店的商家出一些自家的预制菜来加大品种数量 以上仅个人观点 不代表任何人的想法和利息 感谢理解,0.9999999897374882
保证了卫生条件 挺好的,0.5117000974521712
其实还有一个大问题是我从别的地方看到的观点 你去做饭购买食材对接的是食材的供应商 但是现在预制菜出来变成了你对接预制菜的供应商 到后期如果预制菜占了大部分市场做预制菜的很有可能完全拿捏市场形成垄断,0.5617435151889536
预制菜对经济条件有益 对于美食文化具有极大危害 我个人不同意预制菜全国推广 因为中国自古以来都是一个美食大国 食品的含义并不是以方便作为唯一 不能只考虑方便 而忘记食品赋予真正含义,0.998130930944251
你也可以在家吃啊,0.5006787117734429
笔记 感觉不如这个,0.6747811752058399
平民老百姓并不是抵制预制菜这种方便类食品 而是在当前现状下 结婚生育率低下 离婚率过高 工资又少 就业又不稳定 房价又高 物价又高 休息时间又少 工作压力又大 每天本来就没功夫去做饭 结果去个饭店吃的还是预制菜 那不是更崩溃,0.998640447330473
还有选择权也是一方面,0.7238962088107954
村民直说 我谢谢你呀,0.7586511697003673
预制菜是吃好的 有up辟谣过了,0.6901478457648422
笔记 错别字 应该是寒,0.9162639243527421
其实主要是吃的外卖点的明明是餐馆饭店 送过来却是预制菜 而且价格又不便宜 我可以吃 但是你不能瞒着我让我吃 换种方式销售 让顾客自己选择是否需要预制菜 另外价格上也要管制 生活节奏越来越快 相信未来这种选择也会越来越多 主要还是缺少一套完整的管理体系 很难让人放心大胆吃,0.9968943484783395
我是上班族 虽然很忙 下馆子和外卖并不多 多是自己做 可是买菜平台买的肉很多都不是原切肉 好多都是经过 调理 的肉 调理 原本是个好词儿 一些被切好调味好的 牛排 牛仔骨 都算调理肉 可是现在很多商家把一块肉加上保水剂 三聚磷酸钠这些合法的添加剂后也成了调理肉了 挂在平台上卖 还不标注,0.9883462922435349
上个视频刚刚看到军队炊事班需要在车上多长时间做好饭菜 那为什么军队不直接用预制菜 出菜不是更快 预制菜比新鲜蔬菜更方便加工为什么军队和政府食堂不吃预制菜 让学校食堂和普通人吃 我说这话不是针对谁 是有个专家说预制菜有营养 有营养他为什么不给自己孩子吃 为什么自己家里不天天吃预制菜 新鲜蔬菜加工以后就算无菌真空包装食品也会很快坏掉 专家说没有任何添加剂 是的添加剂符合标准 所以年轻人就该吃预制菜 吃的身体差都去医院 过年去医院 有些科室百分之80都是年轻人 努力奋斗一辈子 最后钱都给了医院 只能说太难了,0.9999851646448961
建议预制菜去便利店 部分授权单位学校以及走出国门,0.7358039702459539
这让我想到之前做这个账号的那个有预制菜工厂的人 要是他做该是个什么情况了,0.5933299960786327
美食也是中国的一大传统文化 最重要的就在于烹饪过程 全都吃预制菜了 这跟过年不要放炮有啥区别,0.9970273541101935
以前上学的时候 觉得以后饭菜都是工厂生产了 觉得很科幻 等长大了 大家都挺反对的,0.9999360198640436
不是噢 就是不喜欢预制菜本身哟 哪怕它上架便利店超市了 公开透明了 也不喜欢它 储备粮就好好当储备粮 谁要天天吃储备粮,0.9689874326780699
既高端大气 又贴近群众 up真乃国之栋梁 记得删括号 三块钱一条,0.9720662291183259
这东西是必须反对的 预制菜是杀死中华餐饮文化的重要阶段 在社会上制造压力 让资本占据民众自己学习做饭的时间 用预制菜替换掉大部分厨师的工作 为餐饮垄断埋下种子 令民众遗忘各菜系的传承和起源,0.9999999979421414
笔记 前几天吃的农村大席,0.7865520373357164
需要保证的也就 一是安全 二是知情 先看看国家统计情况 暂时持中立态度,0.7500773933965567
之前过年的时候看到很多主打年菜的预制菜 买了尝尝 感觉挺不错的 还解放双手,0.9869697214491455
建议预制菜分级 像我这种穷人就想吃点好吃便宜的人饲料 至于不加防腐剂的健康食品 我不在意,0.595128943821261
各有各的好 预支菜方便省时省力 现做菜 口味自己随意搭配 有锅气,0.7826265870640038
没啥用 这段时间不是还出规定不能以不含转基因宣传 它们不知道老百姓不喜欢转基因吗 现在的粮食必须转基因吗 为什么专家们认为对人无害的转基因不能上奥运会亚运会的餐桌,0.7796064519795906
咋看 你我又不能决定 当年推广转基因的时候问你我意见了吗 放超市里卖给你标明是转基因了吗 如今这个也一个道理,0.853046402000197
笑死 到时候会出多少三鹿啊,0.524274832308802
我挺喜欢吃半成品预制菜 空气炸锅一热就好 蓝威国际的薯条 圣农的预制菜都挺好吃 做饭分口味的好坏预制菜也一样 我是不反对预制菜 我很乐意天天吃圣农的 和合谷好像也是料理包 我平常是挺爱吃他们家的宫保鸡丁 反正对于预制菜我是无所谓 毕竟现做和预制菜都存在卫生问题和口味问题 吃啥不是吃,0.9439501364179821
可能是习俗不同吧 我们这边上预制菜是要被打的,0.6233532541714583
我们老家都是请专门做席的大师傅 本村的多,0.7257167707809384
预制菜要是管制好一点 菜品质量能和菜市场卖的差不多就好了,0.5457549119679795
平时工作累不想自己做饭 吃吃便利店的快餐将就一下算了 难得有空想出去吃顿好的结果还给我上快餐这能忍,0.9040333538868495
我觉得预制菜进校园挺好的 在怎么着也比我们学校做的猪食强,0.983847824577921
我觉得只需要材料 制作环境 包装没问题都还行 还得保质期高 不要出现在学校里让小朋友吃 成年人吃都还可以,0.9990887965024777
孩子在学校吃盒饭 真的很难吃 她说天天都是五花肉加一些菜炒一下 要么就是豆芽 白菜 土豆,0.9871241966789429
笔记 含 错别字昂,0.9333174734520571
我在思考一个问题 从现烧菜到预制菜 人类最终的食物会不会是饲料颗粒,0.882734911150936
跟杠精是解释不通的 预制食品是文化越低危害越大,0.6802631276703672
这是很现实的 外卖或者堂食都好 预制菜就是预制菜 现做就是现做 消费者最起码要能知道,0.6756354850740939
会见小人哦,0.546861617160346
不反对 但是反对预制菜买的价钱和饭店一个价,0.7197712614292511
预制菜确实是个好东西 它出现在超市也许会买两包,0.5387965695408432
幻宇awa,0.7278749062456296
再往后就是人体能量液 生命注射液了 都不用吃东西了,0.929933455424521
预制菜应该像泡面那样 是吃个方便 热和 比泡面营养均衡 价格也不应该比现炒菜贵 一份控制在十元,0.7547520403487732
对预制菜的不放心也是对中国餐饮行业卫生的不放心,0.5946074227987318
我不太认可半佛这期视频的观点 你只是提到了目前大城市的情况 然而那种四五线小城市呢 农村地区呢 你不能仅以生活节奏快的大城市为例就去印证整个观点 现在的小城市 我身边的不少人 五点准时下班去买菜 回家做饭是为了什么呢 因为便宜而且相对可口 甚至比外卖包都便宜,0.9999571038881951
社恐的阿金 人口少了 自然成本就会上去 这是可以预见的,0.590043714094875
半佛老师说的太对了 我爸几个月前就有说过未来预制菜会大行其道 以目前大部分平民老百姓的日常消费来看 它的优势太大了 能进行批量生产 成本能控制 生产效率高 每样菜更科学的配比 每样菜之间味道控制稳定不会出错等等等等 未来还有可能将会出现一个个价格低廉的集体食堂 他说现在就看有谁能进这片市场分一杯羹了,0.9985858066140895
我家兔子没耳朵 从时间上来看 生产速度快 我们到手直接吃 节约时间 还有成本低 还有各个环节全部都是集中化处理的便捷 还有未来有可能出现的科学膳食 营养均衡的配比等等等等,0.9999661194619067
我的观点还是一样 预制菜对于外卖行业不是坏事 先进的合格卫生的工业生产淘汰落后的外卖作坊是好事 这是社会生产的基本原理 毕竟大家日常吃饭是为了吃饱和卫生 天天图好吃和多样 啥家庭啊 缺孩子吗 担心美食消失就大可不必了 人们对吃的要求越来越高的时候 这些产品自然也会迭代 各位现在见到的所谓传统美食 也都只是工业化后的产品 不用太悲观 同志 发展的问题会在发展中解决 将来肯定会出现更多样的美食的 合规合格的预制菜顶替不卫生的小作坊我认为可行,0.999999999994845
但是我现在对于外卖已经感到无聊 吃腻了 食物真的已经慢慢变成维持这具身体运作的材料了 没有别的意义了 人活着我觉得就是要快乐 但我现在连吃东西都没有任何快乐可言了,0.9999431529481178
云芊沫 我吃饭是为了活着而已,0.8519302413031619
相对于预制菜我觉得食品工业化更值得注意 英国就是先见之明 不是英国没有好吃的英国上个世纪菜单很丰富 比如现代西方很多人不吃的内脏都有很多烹调方法 可现在很多菜单没有了 这可能在当时是无法想象的 正如我们现在 话说回来英国菜不是没有美食 只是传统好吃的英国餐厅太贵了 一般人承受不了才造成英国好像只有炸鱼薯条的假象 理性讨论喷子回避,0.9999999987531363
亲爱的半佛老婆 您在2022年1月21那一期 第一整活狂魔 广告法的一生之敌 叶茂中 在开头1分20秒左右提到广告法的三大对手 分别是杜国楹 史玉柱和叶茂中 后面二者已经讲述过他们的商业传说 但首位还未提及 作为一位小小粉丝 每次复习都有注意 希望您能填个小坑 了却我等心愿,0.999999990609075
建议你潜入并夕夕内部 然后混成甲方 然后就可以让阿半更哪个就更哪个,0.6123005057937412
幻世之魔 什么腾讯大战老干妈剧情,0.9210200153814959
但预制菜实际上是有个非常巨大的漏洞的 这里我很赞同半佛老师说的发展趋势 但预制菜仍然存在一个阈值天花板 就是人味蕾的接受度 比如我在英国就吃过很多预制菜 英国的大型商场比如TESCO等你都可以买到微波炉热一下就得到的各种快餐便当 预制菜不可能替代新鲜食材的市场 如果你吃就会发现 除了面包这类本身就是做好了能够长期或者短期保持食品新鲜口感的食品 人的味蕾是可以很清晰的分辨出食物的口感的 很多预制菜它真的不好吃 油炸的薯条用烤箱5min但不是油炸的味道 还有很多菜的调味 预制的菜包什么的非常不好吃 而且就算好吃也会要求你对于厨房里的技术有一定的掌握 比如控火 刀工 食材添加和一些事物素材的理解 可以肯定的是 预制菜会一定程度解放人忙碌无饭可吃的尴尬境地 但田园状态还是会存续并以一定数量保持下去的 因为人不是为了工业化而工业化 人的本质还是需要美食刺激的 而美食的刺激 往往是可以通过双手经过一定的积累得到的 比如你做个满汉全席不可能 但做个鱼香肉丝满足自己一生不给工业化料包钱还是很划算的 料包不方便 也不会都好吃 因为人的口味千差万别 工业化的目标是统一 但人的口味永远是复杂的 除非退化,0.9999999999969487
0飒飒0 英国的新鲜菜就非常昂贵 美国也是 倒不如说 让新鲜蔬菜价格很低在全世界的冷链运输和食品运输里中国都是挺独有的 至于肉类 毕竟国内需求大 自然就会挺贵的,0.8439090114422122
这个简单 教普通人自己对自己撒谎 然后普通人对企业家撒谎,0.999911969868572
10年前 妈妈 没事别去饭店吃饭 饭店的饭不安全 没事自己做饭吃 妈妈 没事就去饭店吃个饭 别老整哪些外卖 都是预制菜 吃多了不健康 10年后 妈妈 少吃点营养液 整点预制菜吃也行 最起码里面有蔬菜 营养液吃多了不安全 未来我们还能降低到什么样的标准呢,0.9889000003920005
营养膏营养液什么的 真的比料理包健康 而且更卫生安全,0.8271472276335754
本质问题还是现在的年轻人 整体工作生活的强度高于从前 导致回家后没有时间和精力做饭 更不要提享受烹饪和就餐的过程 我在南欧生活过一阵子 大部分城市八点半下班的超市 八点就不让进人了 他们的本地人确实能保证八小时睡觉 八小时工作 八小时享受生活 所以他们的餐馆就很少用预制菜 因为受众的心态大相径庭,0.9999999896666919
除了压榨你还要控制你的饮食,0.6920968635821103
我觉得不是现在人比父母那辈忙多少 而是跟视频里面说的一样 外卖带来的便利太强了 而且真的便宜且高效 这算是一种特殊时代的红利 如果再过几十年人力成本上来 配送费超过外卖本身的时候 大家又会回归去做饭了 而预制菜的大力发展跟外卖的火热是分不开的 因为以前没有外卖的时候 店家本身的出餐要受客流和翻台还有口味口碑影响 不是出餐特别快的快餐店对预制菜的需求不大 而外卖一出 出餐量和速度都有极大提升 让本来不是快餐的中餐也向快餐发展 于是加盟店 切配预制的方式诞生了 蛋糕一大 更便宜的预制菜包也出现了 这都是顺理成章 而一切的起点就是中国的物流 这其实是一个很难复刻的点 因为首先中国人口多 人力成本低 这很重要 同样重要的还有 我们是唯一人口众多基础设施建设还世界领先的国家 各大城市的道路和充电设备 我们的电动车生产线这些要素合在一起才让这件事办成了 某种程度上我们享受这些便利应该自豪,0.9999999999998632
仰头看路 我对预制菜倒是没啥抵触 其实我们陕菜本来都是预制为主 我的论述主要还是在现在的节奏 人对出餐的速度 探索未知店铺的乐趣 都没了 以前人的生活节奏慢 才能有注意力在这方面 别说一周四天班了 只要能保证一周五天八小时工作制的底线 还有一方面就是你说的劳动力的价值 如果平台和市场更加尊重劳动法 外卖和连锁店的增长速度也不会这么快 甚至还有可能下降,0.9999883328835183
你说的地方我不了解 但作为山东人 一家饭店好的厨师 特色菜真的爆火 这个up说的片面 鲁菜被替代简直可笑 就这句话就说他没什么水平 预制菜不是发展的选择 是资本的选择 减少时间 减少成本 资本的选择 如果被宣传 包装成为所谓的文明社会发展选择 那圈里的猪 铁定不会反对 但人不行 为什么萝卜白菜 各有所爱 你说臭豆腐好吃 我就不喜欢 你说螃蟹恶心 我就喜欢 你说一道菜 永远是标准的味道 我就是不认,0.6593542580585023
出本书吧,0.6823746091041183
出本书吧兄弟,0.5133824894876834
想起了小学一篇课文 不应当只记得 我那时还觉得这个课文是废话文学 现在想想它说的 不应当只记得牛奶是从瓶子里倒出来的 还应当知道 牛奶是从奶牛身上挤出来的 不应当只记得 苹果是从篮子里拿出来的 还应当知道 苹果是从树上摘下来的 我就记得这两句话了 感慨 我自己长大了之后可不就是这挤牛奶摘苹果还不被记得的人吗,0.9999860066391539
够好吃就行了 如果说不出区别 那就没什么差别 很多人不用跟我讲你吃得出来 哪次新闻说有人被骗了多少多少钱 你不说一句怎么会有人被骗 但结果还不是需要全国推广反诈app 说到底就是这个行业的结构在变化 变成一个更高效的形态 如果说你能做什么 就是真的去学习如何鉴别挑选 而不是告诉大家你有一条神之舌一尝就出 是不是有一天高级ai机器人炒菜你还能尝出不是人类的铲功啊 什么能鉴别 就是中央厨房和源头工厂了 就是把你过去感受这是哪个厨子的手艺转变到感受这是哪个工厂的手艺罢了 就像曾经买衣服看是哪个裁缝 后来你也变成看哪个牌子 现在你多少也该明白哪个牌子已经无所谓了 应该看源头工厂了 现在买衣服看裁缝手艺的那都是上流人士了哈 那能上流的继续上流嘛 我相信顶尖的厨师肯定还是走下去 成为高端 只不过肯定跟我们穷人没什么关系了 这些年预制菜我看到最好的就是随着技术进步 很多停留在当地的美食能走出来了 比如螺蛳粉 要知道比如在本来就有米粉米线的地方 螺蛳粉工业化走出来之前都没有人做的 远在他乡千里之外 我也不用计较是不是预制 我吃到这个味道是对的就是好 这就是好的方面 其实最应该被骂的是在这么高效化过程中那些该死的投机混子 开个店菜不上先跟你聊十分钟人生和开店里面 跟你吹他是纯手工老厨师 菜一上都是料理包 这样的的店我知道这个过程中是难免的 就像那些有机食品一样 保健品一样 但我还是希望他们赶紧死 所以大家得真的去学学如何鉴别 而不是被打脸后还得给这些店买单尬吹,0.9999991129295565
壹玖依旧一九 主要是你做的什么菜啊啊,0.7828344853647067
我就想问一下 但总有些人的口味 工业化 他涵盖不了啊 我有个同学 就特别喜欢吃 不放料的菜口味清淡得不得了 以手作来看 成本低 以工业流水线来看 成本巨高 因为根本没几个工业产品会照顾这种口味,0.9997247649248051
几代人过去 他的口味就被驯化掉了,0.7687754198876938
唯见于空 现在的各个菜系都是近几十年发明的 你以为现在人的口味没有被驯化吗,0.5683999209878626
这件事真的让我没想到的是每个人看法竟然不一样 竟然有人支持这种东西 我工作原因不得不吃外卖 但是我自己是享受做菜的过程的 哪怕做的难吃也会觉得比外卖好吃 慢慢来就是了 总有做的好吃的一天 结果现在这个民义食为天的国度 竟然接受吃饱得了的思想 而且是很多人如此 不能理解 你们的时间那么有意义 就没有时间去浪费了 那你们可真牛,0.9776700544840725
如果工作不是那么繁忙的话 你说的是对的,0.582546371243136
确实 对比起来就是大小城市节奏差距 说来说去其中缘由总受看得见资本的影子,0.9999012230995112
郝晴朗 那厨艺可得有水平才行,0.7086780770707156
我虽然没有做饭的时间 但我要有做饭的自由 工业品要是取代了生活 那我们和喝汽油的机器有啥区别,0.9628258004322151
殇之我爱罗 所有人啊 包括我自己,0.5585081086050865
预制菜和料理包不会取代传统餐厅 只是随着发展 传统餐厅逐渐会成为奢侈品,0.9549506905700912
莔大叔 正解,0.9396314702468948
深夜挖坟 最近 深有体会的感悟 当初加关注的时候 仅仅因为 幽默风趣 如今看来 内容为王 此言不虚 一年前打的预防针 起作用了 能让我更能 心平气和的 看待 热炒话题 等待 被子弹击中后的 破空之声 如果我还活着的话,0.9997558539128497
拿我个人来说 我一个中餐胃 现在订外卖都会选汉堡这类了 现在很多中餐的外卖还不如这些好吃以前不是这样的 很多外卖很好吃 中餐人炒的上限还是高 预制菜中餐的水平比较一般,0.9163021654408774
星际时代 我们吃营养液吧,0.7870745925320556
都星际时代了 能不能看远一点 人体进化点叶绿素,0.9811816517516051
钢之阿格规文 星际化的时候如果进行长时间星际旅行不吃那种能量棒或者沉睡 要不真没空间携带那么多物资,0.999515921242724
不只是食品 所有的领域都是这样的呀 你觉得开火做饭很平常 往前50年 自己家里做衣服 家具乃至盖房子也都很平常 远的不说 小时候我妈妈还有别的阿姨没事就织毛衣 高中还有女同学自己织围脖给男朋友 现在还有多少人自己做衣服 不要抗拒 拥抱这个时代就完了 反正早晚你也会习惯的,0.9999997029522308
问题在于 衣服确实越来越便宜了 工业化流水线让我纯棉体恤可以9 9一件包邮 排除个人劳动时间 比我自己买布料做衣服还便宜 但是你吃外卖在价格上却比自己开火做饭贵很多 这才是问题,0.9924517983467467
自己做饭也不会比你吃一份十几二十的外卖便宜多少 还节省了很多时间 食品工业化不可逆的,0.9237278434778087
春日山云梦泽偃师 网购成本低是因为人工成本低 吸外卖小哥快递小哥的血罢了 还有去餐厅不仅仅是吃饭 还有社交 要的是场地和气氛,0.8614560682070488
预制菜最简单的一点 低成本 会逼死多少新鲜炒菜的店家 有一瞬间 我不清楚是我脑子穿越了还是这个世界魔幻了 你们天天就喜欢吃制式菜品啊 我只觉得有太多人的财产压上边了吧 最基本的问题都想不清楚 这些方面他逐渐靠近资本 他就会一步一步失去人性的部分 这家炒菜跟那家炒菜一样 现在全国的商场不就这样 有啥不一样 不就这几个牌子 不就当季新品 逛商场我都不想看 没意思 菜都一样了 你也不用旅游了啊 都没啥区别,0.9999735981978124
你可能反对厌恶 但这就是未来 就像很多人反对短视频 反对王者荣耀 但是没有任何用处 这是所有人用脚投票出来的时代,0.9996614374494006
密阿玛斯的守护骑士 那句话咋说的来着 不要温和的走进黑夜 反正我不要 虽然也不见得有多少年可以活 但是走到哪 讲到哪 听到的人可以不作为 但是我还是要伸直腰杆过日子,0.9353996218570857
以前化纤的衣服特别贵 普通人只穿棉的麻的天然材料 后来工业化了 劳动力变贵了 纯棉的衣服变高级货了 给人做饭 买菜做饭到洗碗几个小时 吃饭10分钟 最后挑三拣四说没外卖好吃 根本没有做饭的动力了,0.836007858850174
做饭还没外卖好吃 厨艺那是真的有很大的提升空间啊 我不吃外卖的一大原因就是 不如我自己做 做的都是什么鬼,0.9863177625405352
就算标注了预制菜该选择吃的还是会吃的 如果未来很便宜的话 而买菜做饭成本更高的话,0.7181826920481271
很多人其实都本末倒置了 如果真的能靠输营养液就能活的很好 那根本就不需要所谓的美食文化 你摆脱不了对美食味道的依赖 仅仅只是你的认知水平有限和思维局限性而已 世界没有必要为你的爱好兜底,0.9999979332262404
正确的 除非营养液的价格低到非常离谱 不然在社会资源正常的情况下 营养液永远不会代替有味道的食品 不管他是人工制作的还是工业化流程制作的,0.9961246730462658
说个关于中国 炒菜 的历史 中国早在汉末时期就有 炒菜 但一直到北宋哲宗中期 炒菜 才正式上桌 这里面有个核心问题就是猪油及那句知名的 何不食肉糜 在北宋哲宗正式大规模反知识份子推行 阉猪科学养殖技术 前 家养猪都是属于贱民产业 而一个自己都吃不饱饭的贱民 能用什么养猪就不多说了 而这种猪不仅肉质腥柴难吃 熬出来的油炒菜自然也是腥臭难吃 所以当年晋帝一句 何不食肉糜 让大家用炒制方式赈灾时 就成为门阀世家们千年的笑话 汉唐因为常年的对西远征作战 传统的 煮菜 方式存在严重的给水及柴火需求问题 于是就将西域胡人的煮法和汉时贱民的炒法结合 用动植混合油制作的炒制军粮 也正因为军中率先推行和改良炒制军粮 才保证了盛唐开边时的后勤补给 这才有了以李靖等名帅为首的丰功军绩,0.9999999999936531
到了宋神宗开始变法时期 为了解决赈灾 军事及改善百姓日常饮食 决定全面推行 炒菜 结果包括张载 双程在内的当世大儒带头开始反对 炒菜 他们从上千年的 煮菜 传统开始 下到百姓的经济生活 上到天道朝纲 炒菜 抨击为世间万物之源 神宗推行 炒菜 就是在复制和推行纣王的 酒池肉林 吃阉猪肉和油 就是违背天理 以已之欲 施虐它物 的纣王暴政行为 所以在神宗变法初期 炒菜 阉猪 就在当世一大批大儒的声讨下被撤消 直到哲宗初年 皇室内部开始 炒菜 猪油 标准化改革时 当时身为 帝师 的程颐 公然指责哲宗是违背人伦和宋学道统 学习汉蛮酷食 指曾经汉唐边军用肉熬油 就和当年纣王炮烙一样的酷刑 但此时新的儒学代表出现 如苏轼 蔡京等人开始全面支持 炒菜 苏轼甚至放下 君子远庖厨 的当世儒学宗旨 公然下场 炒菜 和推行 猪肉 从而使 关中理学 蜀中学派 矛盾彻底激化 使双方甚至在酒楼中出现物理说服 而这一场风波孔府为了支持官方 甚至公然提出自家老祖宗孔子 最喜欢吃的就是猪内 孔子那伙估计只见过野猪和肉干吧,1.0
作为女性 到菜市场买菜 前面一个大妈买西红柿2块5 我上去问就是4块 买五花 人家挑就是好好的 到我这里 上了称 非要给你加一块纯肥肉再结账 买菜平台上除了蔬菜 很多肉也都是工厂的冷冻肉 最悲伤的是 我是能吃出新鲜的猪牛羊肉和冷冻肉的区别的 导致我现在都是吃鸡肉鱼肉多,0.7743067769367546
直接和老板拉扯 整个菜场逛一圈 就说就你家菜价高,0.5177888046701652
说实话我真挺想要快进到吃营养液的时代作为学生 你没有时间精力去学去买菜去做菜 父母不在家 不叮嘱吃饭 就能不吃则不吃 实在不行了才会给自己弄两口吃的 太累了 上学的时候每天为早饭吃什么发愁 偶尔出去吃饭 一看 不是辣的就是油的 我都在怀疑我生活的是苏州吗 是中国吗 说好的万千美食 十大菜系 我不求顶尖的菜肴 但能不能让我找到点新鲜的种类选择 我爸周末在家会做饭 问想吃什么 我绞尽脑汁回了都可以 我看着他出去为买什么菜而纠结一小时 回到家钻进厨房热火朝天的弄了两小时 菜很好吃 但时间也是真的久,0.9986042116987964
那还是黑客帝国带劲 一切生活都是被给与的电子信号 自己就在培养罐一躺,0.9994108848011213
因为外面吃饭一般都是去商业中心 逛完吃或者吃完逛逛 那里面能有资金开店的都是连锁餐饮 本帮菜馆是开不起的 所以都是趋于雷同的重油重辣的菜系 想吃本帮菜要在居民区找了,0.999026011202089
与此类似的还有转基因食品 什么有机 非转食品 以后都会贵到离谱 老百姓以后能消费的起的只有只有转基因 原因无他 只因为价格,0.9807572411511702
难道不是因为产量吗 相同的人力 产量高的就便宜 有机需要更多的人力来伺候 城里的老百姓是老百姓 乡下种菜的农民就不能要求把食物原材料卖的贵一点提高一点收入吗,0.9996118509498843
赤云微光 转基因作物就是因为人力成本提高才会大量种植的 因为转基因非常适合大规模机械种植 而且耐寒 抗虫害 所以才会产量大 产量大背后的原因也是因为价格可控 因为绝大多数人都消费不起高价农产品 所以量大价廉的转基因以后必将成为主流 乡下农民自然可以要求有机农产品价格高些 但是未来像日本一样一个西瓜1000块 那就只有富人能消费得起了,0.9998026973143721
最后都是医院躺赢,0.7479851320189932
想起疫情前的电视广告 遇到新东方的厨师就嫁了吧 厨师 永不下岗 时过境迁呀,0.7234309386137059
这是对的 平衡矛盾的两面性 但是半佛就是贩卖焦虑,0.9758500146094461
感觉主要是现在大多数人的时间成本变高了吧 做饭 吃饭 收拾得一个多小时 点顿外卖吃完就十几分钟 省出来的时间拿来加班或者提升自己 甚至是浪费掉提供情感价值都比拿去做饭强,0.8190409240031582
云洛不开 首先你要会做饭 对于一个没进过厨房的毕业带学生来说学习成本也偏高 其次买菜 准备 做 收拾真不只二三十分钟 况且点外卖可以选自己吃过堂食的店 安全性也有保障 并且能吃到好多家常不适合做的菜品,0.9674099107628079
牺牲的是自己的健康,0.9327939846798681
自己做菜唯一的好处就是 减少人工成本 而驱使我做菜的唯一原因是 穷 外卖太贵了,0.6771010079319918
五等分的商鞅 恶毒啊,0.9181101151886937
只想说我妈真的伟大 上完一天班之后 还有精力回家烧饭 烧完后还有精力去练瑜伽 还有精力去考各种证 我印象最深的就是周末 她要拖地 我说你去歇着吧 我来拖 她没有歇 转身去给养的花擦每一片叶子,0.999632477105129
一个人工作生活过一段时间 那段时间自己做饭最大的感慨就是父母太伟大了 上了一天的班回来还能做饭 吃完还会洗碗 我自己下班回家后都累得恨不得瘫起不动 吃过了又想瘫起不动,0.9923392025837803
达瓦里希铁柱 他们那一代人太伟大了,0.5631454142406505
不会的 我以前也干过 预制菜都是成品给加盟商的 公司内部试餐都是大厨出品的哈哈哈 而且还能学到很多做菜技巧,0.7327540734515329
真的吗 告诉我 我帮你看看,0.614704118216234
过于真实 我高中老师 朋友圈子可以说大多算是知识分子 弹琴唱歌写书法 编程修车带孩子都有人会 但相处越久越发现朋友之间最吃香的技能是做饭 我一个人做沙拉吃一顿有虾有肉有蛋有至少五种以上蔬果 成本大概就十几块钱 都是有机 高山这种贵的 然后现在给半个办公室老师做 大家一起减肥 反正都是洗好切好拌一块 成本基本上稳定到10块钱一份了 大家都是给我20块一份 而且时间成本单份也下降了很多,0.9999986995831007
快进到直接吃营养液 提前进入赛博时代,0.894166126958384
我个人不太喜欢吃东西 如果可以 满足身体需要 十分健康 价格可以 我支持,0.93030155688498
苏氏仙 资本会减少产量提高价格,0.9539870402076508
挺好的 如果有胶囊一吃就饱那天天吃,0.731777657505487
梦里全有,0.9000299615145507
加一条 便不便宜 毕竟这世界穷人居多,0.9764767508915728
其实预制菜本质上是大工厂取代小手工作坊 这其实非常符合那一位对现实的想法 在我浅薄的认知中这是一种高效 是让社会不必在重复且不需要太多人的地方花费太多的生产力 是一种对生产力的解放 但他确实是不怎么浪漫主义,0.9858089633269453
按道理说流水化作业价格应该比手工要更便宜 但是现实是贵了 所以不合理,0.888562890851834
预制菜本身不是什么问题 不同的人群有不同的需求 就像快餐的发展一样 但是目前暴露出来的最大问题是当下的人已经忙碌到没有时间思考没有时间去做一顿饭了 就像自动扫拖机器人 洗衣机洗碗机发展的必然趋势一样 预制菜只不过是快节奏生活的其中一个体现而已 大扫除 这个词大家有多久没听过了呢 现代社会有个很可怕的现象就是同质化 有很多人过着一模一样的生活 做着一样的工作领着一样的工资 学校就像工厂 制作出大量标准化的零件 逐渐麻木,0.9999661446856611
连山顶洞人都无法避免添加剂 豆腐你吃不吃 制作豆腐是必须加添加剂 硫酸钙 硫酸铝钾 硫酸铝铵 氯化钙 氯化镁 水果你吃不吃 大部分水果里有山梨酸钾这种防腐剂 预制菜里的防腐剂就是山梨酸钾 ld50为4300mg kg 盐的ld50为3000mg kg 盐的毒性都比山梨酸钾毒性强 盐你不怕 怕一个毒性更弱的,0.9521207416092926
我宁可吃便利店三明治寿司方便面凉面 也不想吃料理包 中国菜一旦不新鲜就真的太难吃了,0.9938890717458223
凉面 我爱,0.7280131706957762
mcn是什么组织,0.7059514727817195
上草垛的大公鸡 网红机构,0.6124384768042438
支持工业化 因为我知道我不能只要求我涨工资 而餐厅的厨子 物流链条的每一个人都不涨工资 既然讲究人人平等而 的工资涨的永远是最慢的 那早拥抱工业化就早一天节省所有成本,0.9931221298337777
松平片栗虎 自动炒菜机 就是机器人的雏形 工厂里制造生产的机械也是 而且我说的机器人是更高级的生产单位 之前是牲畜是人是机器 机器人只是目前所能看到的生产的终极未来 这也不是重点 重点在于 资本做不到 现在人在充当机器人这个角色 因为机器还做不了或者成本高于人力 导致人在充当机器人 因为资本是逐利的 是为了让资源倾斜聚集在自己身边 共同享用不是他的属性 生产是解放了 底层人依旧不会过的好,0.9999975588205184
唯爱心叶 你说的这个不是现实中已经发生过的工业革命 是你期待中的想象 实际上近代的工业革命就是靠着人类的贪婪堆砌起来的 是由城市资本家搞出来的 你只看到了资本的贪婪 却不承认贪婪可以激发效率,0.9999989864322255
青熊 这是什么二极管思考方式 你是学生吧 我说的是 资本主导的工业化模式下产生的后果 谁都不能幸免 这跟限制岗位有啥关系 而且我一直在说错的是资本 不是工业化 你却一直站在资本角度 从来没跳出过 一直不是以人为本 而是资本方式去决定人的生存方式 我觉得就这样吧 以后你或许可以理解,0.9999999989159227
总有人认为 从前车马慢 书信很远 清早上火车站 长街暗黑 豆浆小摊冒着热气 很美好是吧 电视里坐慢车看风景一路静好 不要忘了现实中凌晨4点人挤人 泡面 汗臭 香水 脚臭夹杂在一起 饮料汤汁撒一地 夹杂哭闹声 一夜闷热没洗澡没睡好天亮再赶一天路 而现在去漫展都能一路空调地铁生怕你热到颠到 如果要怀旧 有30一盘现炒 人工不可能以前一样底 绿皮没关去坐啊 要用发展解决发展的问题 比如提升预制菜品质之类 如果有人不喜欢现在的发展 甚至想要倒退回去解决现在的问题 他对不起祖辈流血父辈流汗,0.7049967095002501
其实预制菜的范围可大可小 往小了讲 牛奶是工厂统一生产的 预制奶 榨菜是统一的 预制腌菜 还是生活成本太高了,0.6462398298117888
还好我家有人自己买坛子泡泡菜,0.6661356918733166
我就是为了吃才学做菜的 就在我点了一份辣子鸡一份鸡公煲发现味道样子一模一样以后 我特么大受震撼 下定决心就算是为了吃口好的我也一定要磨砺自己的厨艺历经两年半我和我媳妇俩人加起来差不多能开席了,0.9981899781096205
如果能保证食品健康和营养 预制菜我还是可以接受的 提高进食效率也是大众的需求 只希望国家加强监管 别再成为外国资本侵蚀中国 祸害中国人民的的又一入口,0.9996690015237432
沙瓤的西红柿也是被市场淘汰了嘛好久没买到过了,0.6597667166896187
Dr_英雄难过取名关_2794 以前不贵是因为以前你附近有人可以种 可以这样说 以前的城市 也就一环 二环 三环以外的地方还是农村 可以种蔬果 五环六环都征去做工厂了,0.9999314889204771
现在种的一般都是皮厚的那种 因为便于运输,0.879576043417327
欧美超商几乎全是预制菜 你在哪看见的,0.7590030014166506
Pridecess 超市的冷冻柜切好的袋装西兰花胡罗卜土豆 总之从菜到肉都给你洗了切好冻起来 见鬼的是意大利超市冷冻披萨居然卖的也不错 我看买的人也挺多,0.7646533714610743
可是我还是真的好心酸 哪一天预制菜完完全全遮住了我们的餐桌 几千年的烹饪文化会不会也像其他传统文化走向衰落 我不认为预制菜真的能从味觉上完全超越人工菜 现在还能有模有样 任意选择 以后蔓延到食品界的所有土地上 谁也逃不出去时 预制菜可能会选择更加简洁省时的膏状液状 之前发现了件可怖的事 外卖上的店家是清一色烧烤火锅炸鸡黄焖鸡等 乱花渐欲 是没有一点特色 传统菜品在消亡 说的一些幼稚的话 杞人忧天吧,0.9730408968687873
时代的选择 谁也跑不掉,0.5921709850571564
总之菜品新鲜 便宜 和方便是一个新的不可能三角 就这么简单,0.9277511845675043
还有责任 食堂小灶 路边摆责任是明确的 到个人的 预制菜的责任可以在生产 物流 零售 客户这四方转移 东土大唐进入资本化的速度太快了 又没有监管 全力资本化资本全力化 双赢,0.9943405477143401
最后の姬武神 核电拉嗓子扎得慌 风电更柔和但是太淡 火电太辣不能常吃 太阳电不错 暖呼,0.7011302711406704
营养师妻子通过食疗惩戒出轨的丈夫 前段时间看心医视频 讲核海鲜现在人难接触 但换个方式 比如说猫粮狗粮人还是难以提防 话说加上这层预制菜的包装会不会出现上面猫粮狗粮的情况呢 我真感觉这几年好魔幻 真的像筛子一样了吗,0.8721904220910207
我个人觉得确实越来越多店铺用调料包做卤菜了 我没有证据证明 只是凭感觉 以前的鸭脖这些辣味还带点甜 不同家卤菜味道不同 现在新来的这些店 味道一样不说 都一口气辣到底 越来越没意思了,0.6264634841140531
网上炸鸡 就是预制吧 一个鸡腿成本进价2元 因为不健康所以吃的人少 但资本为了利益强推预制菜 把国人的健康作为代价 真的是其心可诛也,0.8428383712182143
其实是国家强推 解放生产力,0.7457717506241638
说个事实 我家旁边开的某家东北饺子馆做的饺子竟然是进货的速冻水饺 还说这个安全好吃 好家伙 以后餐馆都逐步使用预制菜了是吧 确实我老家办酒席的 一条龙 的粉蒸肉 扣肉什么的已经是预制菜了,0.580786013541129
食物的尽头 是饲料,0.7236550910421509
食物一直都是饲料啊 人类自己给自己的饲料改了个高大上的名字而已,0.9767849761350823
预制菜没问题 你可以选择吃也可以选择不吃 但进入学校就有问题 孩子完全没有选择权,0.9150024837497327
就像是由俭入奢易 由奢入俭难 体验了不用备菜动手的顺滑 就不想在回到自己亲自动手下厨的日子了 除非经济压力大不然都是能摆就摆了,0.8740128276909044
激素人,0.5443456329515354
而且二十年前开封菜金拱门的味道是无上的美味 小时候最向往的饭店 现在里面或许原材料质量没以前高 但味道差不多 却成了被人鄙视的东西 东西从来没变 只是人变了,0.7873687374367903
前比 现在至少也是炸鸡汉堡的王者 比野店还是强太多,0.5478778379489113
人类逃不过预制菜 就像半佛逃不过ofo,0.8271463337958446
每次听完半佛的话 总是让人思考 但是思考完了 这人生还是如行尸走肉般的过着,0.9998204099994987
Wizard浮光 初醒 正确的,0.6948198414468046
人生就是站队,0.8396949683593268
哈哈哈哈哈 难怪大清亡了,0.9889723461105123
我周围的人在有时间的情况下不愿意做饭是因为可以节约来之不易的玩手机时间或是懒得动 点外卖就可以省一两个小时来看看小说刷刷视频也不需要太多的体力劳动 我个人很享受料理的过程 平时有时间也经常学一些没吃过的料理做给家人吃 个人认为我做饭和他们玩手机没什么区别 都是尽情地释放自己的多巴胺 我喜欢买菜时精挑细选的思索 搭配菜品时的斟酌 切菜剁肉时的快感 颠勺配料时展现自我技巧 一句 准备吃饭 时家人们脸上迫不及待的表情 以及他们的几句点评与赞美 这些都是我闲暇时愿意下厨的原因,0.9999703791736113
拉拉肥幸运e 太真实了自己做饭就是刚吃完上顿就要准备下顿 家务活真的能耗很高,0.9866739924240487
赞同 花在做饭上的时间和做其他事的时间不还是一样的 看个人想法和喜好而已 又要有人说社会只关心大多数人 不是大多数人就该被淘汰 那怎么了 不为自己活还为别人活嘛,0.9756462272460827
除非是特别高端的新鲜现炒 就平常普通人吃的普通菜其实就那样 所以我个人赞同高效率进食 最好是直接营养液输入 而新鲜现炒可以作为一项高档娱乐,0.9908340921428981
这样能既满足人的内卷需求也能满足吃货需求,0.6945650647722079
为什么莫名想到了营养膏和营养针,0.8520681412092229
前尘往事入云烟 只是为了活着,0.9899300012634197
最近星际文看多了的后果,0.7096708596599618
999HT 不是大家选择预制菜 而是预制菜辐射的是大多数人 是资本选择了预制菜 它们流行不是它们有多好吃 是因为它们难出错 是因为大多数人不会觉得它们难吃 它们够方便 现在的大多数人没有太多时间去思考今天吃什么 他们希望相对不贵 不出错 而不是好吃与惊喜 而这是因为资本对人的异化 使得他们没有时间去思考 没有精力去犯错,0.9774280658648934
给大家一些思考方向 预制菜的优点与缺点 对百姓与资本的影响 这样可以看通很多问题,0.9901270097018268
永远不可能比现做的好吃,0.574463446393468
现做的新鲜还是很难模拟与逼近的,0.9149890634729057
赤云微光 我觉得新鲜蔬菜不太可能 失水速度以分钟计算的 预制菜无法保证爽脆口感,0.9275396744706292
火锅的性质还不太一样 好歹也是享受一种现烫的乐趣,0.9938101186760572
碎玉如石 火锅不是已经很接近了吗 挑自己喜欢的菜加个调味包下去煮一煮 已经比其他料理方式省很多时间了 哪有什么现烫的乐趣,0.9903879451880486
其实这个视频讲的是工业化运作代替个人尽心布置的事情 可以扩展到很多方面领域 不止于预制菜食品这一方面,0.9985565415495932
有时候觉得人类过于讲卫生了 自然界的动物哪有这么多讲究,0.9953809419123529
郝晴朗 动物死的也早呀 我们以前没条件讲究的时候死得也很早呀 哈哈哈,0.9755410508082436
你可以带100个人去参加鸿门宴,0.7918607805227527
事实上我认为这一切监管到位以后 预制菜的性价比依然会高于厨师 这是逃不开的,0.6122647582204918
想起高中一篇作文 品质 讲述一家纯手工的皮鞋店被工业化浪潮逐渐淘汰的过程 店主两兄弟坚持手工的匠人精神令人动容,0.9996530817421783
英国工业革命时期 低层人民中流行的就是工业化的罐头食品 历史真的是个圈,0.9995802144095023
时刻准备着,0.614035087719298
终于有人说预制菜这个问题了 现在人不愿意动脑子 一听预制菜添加剂 畏之如虎 你和他说他来一句 愿意吃你就自己吃 关键是没得选啊 这就是未来的发展方向啊,0.957413421386269
未来发展的方向就对了 不对也要顺着来 哪天发展到要消灭你 你也要顺着来 你什么逻辑,0.9899263314614024
活着是为了吃饭 还是吃饭是为了活着 这是一个问题,0.664207687578214
人吃饭是为了活着 人活着不只是为了吃饭,0.6189645882369199
活着是为了快乐,0.9716962513241831
吼姆露 分辨两个食事物的区别需要都有了解 我相信大部分在大城市里的漂泊人群 长年都是吃的工业化菜类 那如何分辨的出来,0.9983077207840174
县城的生活节奏不一样 我还是挺喜欢小县城的 虽然我在的县城人口已经破百万了,0.8603520820142941
山上㯙埜 县城就喜欢吃现做的 白切狗肉鹅肉鸡肉 还有有锅气的大排档 我们也是过百万人口的县城,0.9647910409792487
预制菜便宜又怎么样 等现代人真的养成了吃预制菜的习惯 买菜的人逐渐变少 那些种植蔬菜的农民就只能把菜供应给制作预制菜的厂商 到时候菜市场上蔬菜的供给渠道少了 蔬菜价格也会上去 到那时候 就真的给那些资本完成从消费端垄断到供给侧垄断了 然后定价权就到他们手里了 可能现在你我能买到便宜新鲜的蔬菜做饭的日子 就一去不复返了,0.9996741338791278
本期视频要怒吹一波安徽料理 安徽人狂喜,0.8618761799536135
有没有可能安徽料理 吃的做的人里面没一个和安徽有关,0.9272280897967782
囧斯密斯荡漾 可能老板的名字叫X安徽 就像重庆烧鸡公的老板叫X重庆,0.844188230959839
预制菜你想进学校可以 但是学校不能强制购买和取消食堂 让预制菜自己和现炒菜去竞争 进学校只是多给学生一个选项 而不是剥削学生选择的权利,0.998370138751569
以后有味道好 营养全的压缩饼干做食物 你能想象 我认为一些东西不能一味最求效率,0.9835355623512614
勃罗密多故 味觉也是分子让舌头感受刺激大脑 以后的科技不一定哦,0.6937924559025141
这种看法属实是带点偏见 有点鼠目寸光的感觉了 首先预制菜大行其道的是经济特区 尤其是一些本地菜系拉胯的地区 因为这种地方生活的都是来自全国各地的打工人 虽然说着有点不太好听 但不同地区的厨艺水平是真的有差距 还是很大的差距 本地餐馆无法满足外来人的需求自然就没有生意 预制菜外卖才能够愈加膨胀 且不说三四线小县城 你就到重庆这个算准一线的城市看一下 餐厅尤其是乡村基这种大锅饭快餐几乎遍地都是 而且饭点全都人满为患 十几块钱就能一顿套餐吃饱米饭可乐随便加 你觉得在这种地方预制菜是什么水平 狗都不吃 说白了人们选择的不是预制菜 而是方便又美味的菜肴 我自己就是重庆人到厦门工作 这边的餐馆那真的是难吃至极 为什么人多餐馆少 为什么实体餐馆能被外卖暴打 说白了根本原因就是本地厨艺低下 满足不了形形色色外地人的需求 常在这种地方生活 就给人一种预制菜好像统一世界的错觉 以后做这种视频 还是建议多走几处地方看看 别把自己的眼光局限于周围,0.9130377486651148
有没有可能是up主在为预制菜背书 就好比先前的植物肉 若是未来人类逃不过预制菜 那人和机器有何区别,0.9270723682467581
人类逃不过预制菜 就像半佛逃不过我一样,0.8416509777004957
不要妖魔化预制菜就好,0.6361757938311831
你还年轻你多吃点,0.8276546920621213
6NaoH 确实 我家楼下的菜店菜品不多 有时站在菜面前还得想想今天吃什么,0.7157866343118247
如果是我 我会选择冲泡荞麦面加即食鸡胸肉和脱水蔬菜 只考虑营养 不考虑口味,0.9582965888241242
工业化的目的就是为了工业化 先学会把人当人吧,0.9887912705589869
预言家,0.7362223817695366
未来几十年的事 现代再如何 农村人口也是过亿 农户就是家常菜的大基本盘 城市人口可能会有趋势变化 但应该没那么快 也许说穷人可能多 可家庭自由财富的中等以上家庭绝对在各个城市占比不小 他们肯定是家庭菜的群体 在外务工的一群人也基本盒饭快餐解决 能被预制菜影响的也就小资生活的人 由于房贷车贷影响导致生活时间不足 而不是他们不会选择家常菜 也许未来预制菜会成为日常形式 但成为主流没啥戏 我还没缺钱缺到炒个菜逛餐馆吃烧烤的钱都没 为何去选预制菜 潮流很多时候都是有资本再推动而已 真的是市场的选择 人民的选择吗,0.9999999914794097
2023年 这个视频再次进入我的视野,0.9221710872193095
快进到预制流食带 随时随地补充营养 各种口味 全部满足 让你有更多的时间提升自己 更多的时间为资本努力,0.9969451814254833
我认为并不是悲剧 生产力的解放会让人从事更有意义的工作,0.9328740462725198
比如在流水线上跟机器比成本 生产力会带来红利 但不是打工人的红利,0.8308793067013447
对于一个自己做饭的人而讲 这几期都是听不懂的 是我活的太快乐了,0.8930557216906403
可以说90往后大部分人做不到自己喜欢的口味 甚至不会做菜 就像之前我学新菜失败 那种挫败感 想着 还是去下馆子吧 但是大城市可能更多是因为工作节奏和时间成本吧,0.9651337097315278
安徽这边的地方餐饮老乡鸡就是预制菜菜馆,0.5934174783064435
爱可登 老乡鸡是真难吃,0.7008679746628912
有没有一种可能 自己动手做预制菜 可以在周末准备好5天的伙食,0.7190003897646237
来碗鱼板面 自己做还是把基础食材加工完就好了 真做好了冷冻味道是有区别的,0.8004228676427992
馄饨饺子周末可以多包点,0.7282944971884237
预制菜就和方便面一样 只能应急吃一吃 自己动手做一顿简单内味的饭菜真的不花时间,0.6122769286529066
很多小孩子第一次一个人睡觉哭闹不止 习惯以后就不愿意再与家人睡一张床 历史上不少改变都会有不少的反对声反正也不是第一次了 剪辫子前没几个自愿去剪 剪完后没几个愿意再留,0.6104221355376133
我以前看小说 主角穿到星际时代做饭 都是一些家常菜 但是吸引的星际人嗷嗷叫太好吃了 当时觉得嗤之以鼻 没想到是我肤浅了 营养液时代什么时候来临呢,0.8866447969369824
up主高瞻远瞩 老夫回来考古 预制菜也就是改稻为桑 改稻为桑 核心问题不是种稻好还是种桑好的问题 也不是小户自己改还是卖给大户改的问题 问题是由此引发的土地兼并 预制菜 核心问题不是现做菜安全营养 还是预制菜便利高效的问题 也不是小饭馆自己卖预制菜好还是搞个大食堂好的问题 问题是由此引发的市场垄断 这种垄断 垄断的不仅是餐饮市场 而是消费者的自由,0.9999992711404716
本质上打不过就成为其 然后再该其设定 把老牌的路都走一遍 平庸的厨子培养一辈子都培养不出来 2011年我在家门口吃了三家味一样的现炒盖浇饭的回锅肉 到景区找饭店的人脑子里到底在期待个啥 找饭店都找不对,0.7419917323148411
以后连学校食堂的大锅饭都会成为一种奢侈,0.9776979008004693
我们学校食堂就有卖成品菜的 肉菜料理包加焯水蔬菜摆盘 比隔壁卖盒饭的还简便 吃的人可多了 而且因为速度快所以从来不排长队 其他的面店 炒菜点 甚至麻辣烫都排的比他多,0.9937944001033315
预制菜说到底就是工业食品 或者是工业半成品食品 从你出生就吃工业食品 吃了历史百把年了 来了个预制菜就不吃了 逻辑不通啊 至于说防腐剂 哪个工业食品没有 再说用什么次品什么的 你怎么就确定你以前吃的都是好的 其实全部都是国家监管而已 预制菜也是一样 突然而来的抵制到底是为什么,0.862142357182996
阳光是二级致癌物 烟酒咸菜是一级致癌物 过度追求所谓的 安全无小事 那就别活了 我对预制菜没有任何看法 只要够便宜 我就愿意吃 但是我不主张强迫别人去吃 只要通过价格优势吸引愿意去尝试的人去吃 时间久了自然也就没事了,0.9698602479902392
论有一个热爱做饭的好老公的重要性,0.7985264821926471
论和奶奶住在一起的快乐,0.9415213995220969
工业化的食物或者过度加工的食物 营养成分会大幅度减少而能量飙升 新鲜饭菜不是好在新鲜 而是好在营养均衡 很多营养物质到现在还没有名字呢,0.9983245872929223
现在好好活着都不容易,0.5001408789083147
好处还是挺多的 年轻的时候吃预制菜打工 年龄大了各种病可以给医院创收 完美闭环,0.9787042563924723
主要还是防腐剂 从孩子小时候就开始吃顿顿防腐剂 那东西有排不出去,0.8924465601803896
预制菜无所谓 但人民的生活质量不能因此降低 此降低包括工作时长 做饭自由买菜自由 蔬果肉价格等等 这是底线,0.9964064987590291
佐佐牧 所以你是打算一直跪着被动接受,0.9747669618160278
进学校的预制菜不是这 是类似速冻饺子那种 口感很恶心的 还有好多添加剂,0.9547594976857836
不知道我的评论会起到多大的作用 但是作为一个已经结婚生子的30岁90后 我真的发现自己好好做的饭更好消化 更不容易发胖 更健康 我本身肠胃有些弱 自己做饭吃起来真的很舒服 我也愿意在这方面花时间 每次和单位 和朋友 或者参加婚宴在饭店的吃到预制菜都挺无语的 就感觉自己的朋友的亲人的劳动价值被机器无情收割 好好买菜 洗菜 切肉 杀鱼 做饭 和自己爱的人好好生活 真的不浪费时间 生活不必追求效率 想象一下 生活里做饭有人一直催你 睡觉有人一直催你 看个景点有人一直催你 像念咒一样 那样的生活不值得你辛苦的劳动,0.9795090207371865
对了 关键是 进入校园给孩子们也搞个 忙忙碌碌的世界趋势的工作快餐 这种 真的好吗,0.9989296039687534
不确定性的粒子球 建立规则永远是最挣钱的 规则一旦笼罩你 你就很难出来,0.988554292768834
勇敢的猪人托特 教小朋友轮滑,0.8802378700498277
我说实话 我也是那种 天天能订外卖点外卖 做菜我认为自己做火锅还行 有调味料的料理包也还行 但是我如果像家里我妈炒菜步骤那种 热锅放油放辣椒放菜起锅前放盐的那种 我就是在浪费那个菜 做出来不能吃 但是偶尔自己订了个超市的外卖 鼓起勇气做了一道能吃的 我还是很开心的 所以问题就是 你不具备学习做菜的能力吗 你如果具备 但是缺乏时间和精神 那么是为什么缺乏呢 为什么我们不能拥有一份相对来说可以让每个人都有学习做菜的空闲时间呢 这些事情不能说完全你就做不到了 因为日本排海的那个事情 说岸田最近支持率不行 要重组内阁 换了外相 我在这件事情刚开始的时候 也判断了经济不好 日本国内都会给岸田压力 现在据说主要是因为水产销售降了三成 新闻我有可能没看全面 但是岸田也实质性的感觉到了压力 特别是你说现在还有好多的中国人 购买日本产品 去日本旅游 你说如果我们力度再大一点 岸田不会考虑停止排海吗 不能说一点作用都没有 只是选择上大家选择了利己还是利国,0.9999526482393386
知否知否应是白肉红豆 就我个人 缺乏的原因是手机看多了容易得赛博电子秽语症导致精神都不好了 恢复很容易就找个凳子椅子坐着冥想十分钟左右就能恢复 但是有时候不想刷手机了还是控制不住 被多巴胺的欲望回路支配了,0.9610512825176134
与其说逃不过预制菜 不如说所有一切都逃不过工业化 手工作品会被淘汰 着实可惜,0.9226339232346451
手工作品只能吃情怀 工业化生产才能让商品富足 各行各业都是手工作坊 生活的代价会高昂到难以想象,0.9901491690707307
我日本留学时在便利店打工 便当出了常味期限后 没坏可以吃 可以带回家 大约两年左右 我完全反胃 不知道为什么 自己水煮的菜调点盐醋都吃的下 但是便利店的所有便当都吃不下了 本人从小身宽体胖能吃不挑食的人,0.9875114738930004
机关幼儿园和学校吃不吃预制菜,0.8133045182397619
直接研发能量棒营养液就好了 开袋即食 方便存储,0.7395841454373204
有钱外卖也能吃挺好 让人均收入高才是重点,0.5321069423366624
预言家,0.7362223817695366
大预言家,0.7406619151615247
从人力成本来说 可以预见以后要吃现做食品得去潮汕牛肉锅兰州牛肉面新疆拉条子 以及全国美食中心在广东,0.8228666649894549
那么预制菜的标准是否健全呢 各种添加剂含量如何 是否已经有相应的监管和配料公开,0.5026851430581061
说到底还是有很多人像半老师一样童年不幸福再加上没有做菜的天赋 就像之前那个说外面的速冻饺子比大部分家里包的都好吃的企业高管一样 要是妈妈做饭好吃 自己也不是厨房杀手级别的 是根本不可能说出预制食品比家里做饭好吃这种话的,0.9997373137019785
商业机遇 农家乐不久将来 农家乐将成为当代人梦寐以求 甚至奢求的生活方式,0.9976365752477825
预制菜再下个目标就是 所有的食材剁碎 做成方块,0.5338914338023991
有时间做饭还是很享受的 国内很多人已经被资本压榨的没时间了,0.9859893655039382
现役大学生之前确实有这种感觉 暑假在家都是我在买菜炒菜 确实很花时间花精力 回头一看自己在医院上班的前辈他们中午不是食堂就是外卖 现在上班族真的还有人慢悠悠的自己做菜吗,0.9621809505031884
很快的 哪些切好并且被包装好 外加已经有配搭适量调味剂的 新鲜菜肴 就会出现在各大卖场 不同于微波食品的是 买回家以后还是要开个炉倒点油 或者是加点水放电锅 但是这样的菜肴 已经省去了从挑料到整理清洗一大块的环节 而且重点是它们还是生的 还有必须料理的环节被保留着 让不喜欢直接接触成品的消费者 去享受吃到嘴里之前最后的那道工法 这其实算是高端的预制菜了,0.9989556254833565
原来半佛老师一年前就已经精准预测了,0.9967356865844816
清风吹空月亮 是哦,0.7234646742228976
话说 预制菜我忽然想到有一个去处 就是现在疫情 的管控地区 然后为那些既想改善伙食又出不了门,0.7690160468739963
你是懂市场的,0.6954042447391701
畜牧业要进行饲料流程化 标准化改革,0.9352894733541847
有点像以前小农经济被工厂取代的延伸 现在也没有人去找裁缝量身定做平常穿的衣服了吧,0.7495367593292435
好一个剩饭,0.6115652559654794
多虑了 人类对美食的追求是不会受到科技的限制的,0.9980748777247613
那为什么 预制菜要进学校,0.6389265689189861
逃 为什么要逃 这就好比田园牧歌说我们要逃离工业化 逃离现代化,0.9585619690408158
更何况很多人脑中的田园牧歌生活可能更接近于以前的地主 下意识无视了以前乡村生活的忙碌与辛苦,0.9993692431180392
前来考古 半佛老师领先好几个版本,0.979181246638804
刚从潮妈的视频过来 现在已经有吃狗粮的打着家长的名义抵制预制菜了 再观察观察,0.9069122388056922
不错 越来越像饲料了 这样更容易管理 更容易发展 只能庆幸自己生的早 能吃到文化保留下来的美食 我觉的隔壁偷我们的文化未必是一件坏事 这样起码能保留一些美好的事情 偷换概念一直是惯用的手法 毕竟语言博大精深 从预制菜到中央厨房再到现买现做 照样还是能让学校吃到我想给他吃到的 只是称呼换了一下,0.999930436112087
不一定 有的人卖便宜是为了能早点卖完回家,0.643913634096337
评论区歪风呼啸 世界上的大国小国 穷国富国 实际上并没哪个国家力推这玩意儿 所有关于他国预制菜的新闻都是从去年下半年开始出现的 我不用再往下说 你该懂了,0.9658131222873583
你可得了吧 欧美日都推广几十年预制菜了,0.5066969755956089
其实很多高校都有预制菜 你注意观察那些吃起来烂乎乎的 那绝对是预制菜,0.525273837397533
我个人觉得预制菜挺好的 我家门口有一家预制菜店 我家买了几回 味道真的不错 价格比外面便宜还好吃 食材用的也都不错 我倒是不觉得这东西有什么可反对的,0.783932013066673
马上就生日了 我学会了,0.8680666814830496
在家不觉得 因为都是妈妈做饭 我偶尔也会做 但是在学校想做也没有设备 只能点外卖,0.9874294969379145
因为都是妈妈做,0.9038990328130342
直接输液 效率更高 一切都需要平衡 否则物极必反 预制菜代替一部分方便食品 快餐还可以 取代家常菜 那真是灾难,0.9696594966108523
我是北火哦 所以社区食堂 学校食堂受欢迎 菜新鲜 价格便宜 还有社区叔叔 阿姨们监督,0.8175807545173367
成本 除非去当地顶级馆子 不然吃的都是前天切好的食材,0.500216522674614
2023年前来考古 半佛老师遥遥领先,0.9962978230100684
预制菜就和元宇宙一样长命不了 如果大家想省时间 研发营养液就好啦,0.9570811714512258
投资了预制菜的资本 也同时投资了疑难杂症ZL医院,0.9908965080923859
现在教孩子成本那么高 过几年估计有 预制娃娃 把自己刚出生哇哇叫的调皮娃娃送进去 换一个诚实聪明又符合审美又孝顺的青少年出来,0.995358694522306
预制菜的优点是可以控制成本 口味 上菜速度快以及不受厨师手艺限制 预制菜适合快餐 这种模式利于快速铺开 人员培训快 成本较低 只是一种商业模式 每种事物出现都有其原因 预制菜能起来也是生活节奏太快了 如果每个人每天很闲而且钱也够花 自然愿意吃费功夫也新鲜的食物,0.9966586626235499
问题是集成之后大部分的利润进了谁的口袋 会给失业的外卖小哥 菜农 夫妻老婆店 还是会给打工人实惠的午餐,0.9766691037457195
就像西方人吃罐头食品 以后中餐一个x性 现代人生活压力大也忙 根本没时间慢慢坐下来做饮食 说白了山猪吃不了细糠 我感觉未来除了两广因为对饮食比较执着还会做 其他地方大概率全部预制菜,0.9999999534856591
大力吹捧预制菜的人都是为了钱 预制菜的成分请大家注意看看都是什么 科技与狠活啊 大品牌可能有部分标识 请问谁能保证全部如实标注成分 这么多年食品安全一直都上不去 负责的部门都不想想吗 如果一个国家连民族的未来健康都无法保障的话 请问还能保障什么 资本是需要管束的 不能无限扩张 所以我反对预制菜进入校园 就是进入餐馆时 也要标清是不是预制菜 让消费者有选择的权利,0.9439676004659237
今年夏天复刻了所有奶茶 已经实现了奶茶自由 现在开始学做菜了 预制菜 外卖 以后打死不吃,0.9999896722393127
做菜就浪费时间 说白了还是现在太多人没有那么多时间去自由支配我自己在家 早上自己磨一辈咖啡 做个早餐 吃完早餐收拾餐具厨房 然后准备中午的食材 午饭之后收拾厨房餐具准备晚饭的食材 自己做菜确实很有乐趣 但是也确实是建立在我每天都能这么闲的基础上,0.9285688101097289
他不用吃 所以他无所谓 甚至劝说你们接受,0.7260676809100487
半佛老师真是大预言家,0.9438129570149515
赛博朋克越来越现实了 感觉这几年越来越难活 什么都涨价只有工资不涨已经成为常态 现在就靠pdd 活 PDD东西便宜啊 不用管好不好吃能吃就行,0.994368422852263
爱国就是最大的快乐 我爱祖国,0.9993210872594251
这世界 我在追寻 青春山东发了一个视频你可以看看,0.9999490127384855
这应该是未来的必经之路吧 发达国家都已经习惯这种快节奏的生活方式了 速冻蔬菜丁 速冻肉丸意面 速冻咖喱鸡饭 在美国超市都很常见 希望预制菜可以保持卫生和相对低廉的价格 这样庞大的中国工人群体就可以提供广袤的市场 千万别学某些企业 市场刚有起色就提价减质减量 玩这种无聊的把戏 最终毁了一个原本很好的行业,0.9993099630966059
说到底 饮食行业是一个良心行业 从业者只有心存将食物做好让顾客放心实用的感念 才能做好这份职业 而这 是当今很多企业最为缺乏的,0.9999532474997889
海底捞不也是,0.891653808658604
碳景,0.7945748992577496
有没有一种可能 以后后厨大师傅也会变成文化遗产,0.5611240787087
你以为后厨大师傅很轻松很幸福吗 终日在热到爆炸的后厨 烟熏火燎 随时有割伤的风险 对体力也有要求如果有更好的工作 谁愿意去当大师傅,0.9592103371054934
我焯 预言家 刀了刀了,0.7651898686907065
掌握在劳动者手里可以解放劳动者 但是如果掌握在资本手里呢,0.9719324867267444
英雄王吉尔伽美饰 可能有些人就喜欢这种快速方便呢 也说不好 还有就是 预制菜可以在保证口味不太糟糕的情况下 成本压到很低 进而价格也可以变低 说不准有人就是为了这个低价 愿意承受你说的防腐剂 前提是消费者知道 什么的呢 正如我先前说的 这个问题远不是个人偏好这么简单 在实际的资本主义市场中 影响的因素还有很多 比方说资本有无数种方法以次充好 把预制菜当现做的卖,0.9887096424122411
当你工作忙起来的时候 你会发现 只要肚子不饿 感觉不影响身体健康 那么就会接受 所以可以推出 价值观慢慢的改变加上工作的节奏升级 别说预制菜了 就是营养液加填充物质的组合也是可能看到的 只要成本够低 只要我们够忙,0.7908635816012626
感谢我妈下班乐意洗碗 感谢我爹下班乐意做饭,0.9912480670917347
其实预制菜最容易吃出来的不一样就是蔬菜 蔬菜新鲜不新鲜是个人都吃的出来 还有鸡蛋这种,0.692103823697179
我还挺喜欢生的切配好的蔬菜包 回家要自己炒熟加调料 不用自己切菜 和熟的料理包不一样,0.7863867267464829
那确实 防腐剂也多了,0.6297072689523855
那可不一定 毕竟你都看不到别人怎么做的,0.6034171886214053
顶级鱼子酱 即食燕窝 本质上也都是预制菜,0.8529351096589146
田园时代即将终结 而几乎所有领域最美好最百花齐放最符合文明内核的 都是田园时代 而工业时代的内核 叫贪婪 人类的与生俱来的根性 也是邪恶的源头,0.999999999971074
你是指夭折率破天的田园时代吗,0.5790761604095214
可惜我是个吃不得辣的广东人 我连冷冻虾都接受不来吃过鲜虾的Q弹就不会忍受冷冻软烂 看起来未来要挣很多钱才能满足自己的口腹之欲了 新鲜蔬菜什么的对我来说很重要 输营养液过活真的有点恐怖了,0.5109789050315551
我这里就还好 就外卖大部分的配送时间来看 预制菜参与得还是比较少的 真吃到预制菜制成品也不要太过担心 工厂机器按照程序走完的流程比起厨师来说 可能更加干净 有时间还是自己做更好 实在没时间的 在等外卖的时候煮个白水蔬菜平衡一下油盐的摄入也是好的 或者洗个水果 水果真的得吃 一是占据胃容量 减少重盐重油的食物摄入 二是水果真的是最好的维生素来源了,0.9983179233471368
如果食品工业化 意味着国内像美国大企业开始从肉类养殖开始卷 那么比起更便宜的速食鸡猪 不吃水果蔬菜又怎么样呢 大不了吃维生素 期待这一天的到来,0.9995175020105643
虽然但是预制菜的营养价值会大打折扣吧 尤其是还原性营养素 配套发展营养素片,0.6723846423772684
本来曾经有一个付款的人有最大话语权的时代 后来出来一个叫乔布斯的人把它终结了,0.9739972986421541
我姑姑乡下有个小园儿 我家近几个月吃的菜大部分都是姑姑园子里的 还能享受采摘的快乐 突然觉得自己好幸福,0.9996194979811525
我记得孤独的美食家里面的开场白大概是那么说的 在这个现代的社会 普通人的时间很少 所以哪怕再简单的娱乐也会变得奢侈 而在工作之余 吃一顿自己的新鲜饭菜来犒劳自己是现代人为数不多的自由时间 在这段时间内可以放空思想专注吃喝唯我独尊 到现在老百姓连吃喝都已经要被程序化了,0.9999999999363773
up真的是神预言 2023过来考古 世界真是越来越魔幻了,0.999975591396167
其实大家都知道 我只是感到难过,0.8844690238369606
家里做过草莓生意 超级甜超大粒的品种 因为比较容易烂不方便运输存不久成本也很高所以现在不做了 这都是你们的选择大部分人的选择啊 不说的话没多少人会在乎以后还会不会吃的到又甜又大粒的草莓 预制菜也一样,0.8391308543575347
转念想能在家里吃到比较干净正宗的鱼香肉丝和柠檬酸汤也不是坏事吧 只要价格保持合理,0.9964889390215917
你以为都是大城市人 小城市和农村人没了么 烹饪的快乐和好处懂得人才懂,0.9867407210106481
预制菜概念 可以炒的天花乱坠脸上贴满金箔 但事实上 持反对和批判态度才是为营造高品质健康生活做贡献 除非生产预制菜有法律硬性标准 像药品一样 那添加剂香精偶尔吃一点没事 你一日三餐天天都整成那个 你可能五十岁就要归西 别在这儿谈什么工业化优点 那些与你相关吗 不喂你脚踩泡菜那能叫工业化吗 预制体系优点都体现在商人的钱包有好鼓而不是你吃了过后有好健康有好强壮或者你今儿泡自热饭又省了几分钟时间好通勤或者少洗个碗,0.9808001041032092
如果你的关注点是内容 那几张图并不能分散你的注意力 你如果因为这个而失去了思考能力那只能说明你有心理方面的问题 我认为放这些图是为了解决纯文案推动形视频的画面空虚问题 可以提高完整观看率 up其实并没有动机让大家认为他是对的 发表观点冰加以论述 海可以引发讨论 话题度要比单纯的一片符合要大的多,0.9999999981963181
粒料只中 我就直说了吧 烤这个东西 永远不会被代替 北京烤鸭 南京烤鸭 广东烧鹅等等 你可以说他提前腌制好送到门店 但是烤这个步骤你怎么来代替 也就是烤箱了 上下加热多少 多长时间等等,0.7419323820398523
感觉很恐怖 以后人吃得越来越健康不费时间是不假 但是人情味没有了 所有人都像机器一样 觉得能活下去就够了 买菜做饭的幸福和满足感也没有了,0.9575777354179781
就像那些科幻小说 可能以后吃营养剂会变成普通人的日常 而纯人工做的只有富人才能吃得上了 甚至吃新鲜的瓜果都是奢侈 大家都只用调好的营养剂补充需要的营养,0.9985644305456624
作为一个口轻不爱吃重油不爱吃肉的表示离不开厨房 出去上学被迫吃食堂吃外卖吃饭店的时候每时每刻都在想念家里的厨房 回家以后只要能有时间死也不想去饭店吃 饺子包子馄饨这种都是能自己做都自己做 连面条有精力都能从面粉开始整 至少对我来说自己做饭的味道真的是外面饭店代替不了的,0.9890769810437776
这方面还是国外有先见之明 汉堡包 比萨饼 热狗 三明治,0.8588314527029138
现在来看 确实 半佛老师去年就说过了啊,0.9238320664139611
现在的话术就是把一切做过预先处理的都叫做预制菜 然后专找其中常见的类似包子饺子那种来论证预制菜没问题 甚至把所谓的料理包还特意摘出来跟预制菜一起说 显得好像料理包不是预制菜一样 问题的核心不仅仅是预制菜本身 还包括企业产品质量和相关法律监管的透明度 面对一个裁判员下场踢球的既定事实 谁敢真的放心这事情从头到尾不出问题 三鹿牛奶过去这么多年了 人们并没有忘记 那个事件当年还是依靠外国媒体曝光才搬到台面上来的,0.9592558487526235
未来肯定是预制菜保证口感后 开始卷卡路里 植物纤维含量 出现一个大公司以精细规划和办公族的量身定制你的每一餐营养为噱头打入市场,0.9982540856679974
只能说 贼本尚在 预制菜不过是社会信任危机的一项具体体现 社会信任危机 社会人际关系产生了大量虚伪和不诚实 致使人与人的关系发生了严重危机,0.9999848921135182
说实话这个东西的问题不是在于本身 而是现在资本控制下的生活方式 让你没有时间去享受生活 你发现不仅仅是菜还有很多东西朝着快短低发展 然后在工作上耗费时间 我一直认为一个人最有价值的东西就是时间 毕竟不管是穷人富人他是公平的 但是现在他们甚至让你时间都不值钱了 其实还是你发现还是原来的好,0.999923365058876
人都是趋利的 感觉我们真的是用自己的行为 在给世界投票 这个世界最后就会变成 我们不想看到 但是又无法阻止的样子,0.9931966513780871
半佛其他的我觉得说的还行 就是什么吃不出来细微味道的差别我不认可 其实大多数人只是没有选择 有选择的话肯定能吃出来其中好吃的 不在意可能只是因为没有那个精力 或者只是为了饱腹,0.9855237541921245
不亏是大up 真的是有远见 提前一年看出来这趋势,0.6783673505629391
半佛老师有先见之明啊 现在已经进校园了,0.9655838797369203
好吃 便宜 安全 少一个我都觉得是退步,0.628402292950908
我会做饭但还挺喜欢预制菜的 真滴方便,0.5018899051576634
我只能说半佛老师不是老师是预言家,0.914658813442399
笔记 对不起真的好吃还便宜而且是外卖还方便 5RMB 大学生,0.9664593380253894
目前这份工作 我还是有时间做饭的,0.5489642052570389
日韩早就是便利店里便利餐了 而且现在国内也不少了,0.9284073826306329
这个东西太适合高中生了 微波炉一热就能吃 比学校三天两头吃出虫的盒饭好多了,0.9453150365842647
但是我超级超级喜欢做饭 我从初一就开始喜欢做饭 然后从高二开始家里的年夜饭 从来就没让我妈动过手 我一个人一天做十几道 不怎么吃 但是喜欢做各种各样的菜 看到没有做过的菜 就想学习 当然我也不是很喜欢洗碗 现在基本上在家是我做饭我妈洗碗,0.8817368208131606
所以啊 我老妈就真的很有耐心了 过年8个菜有荤有素 每年我们的传统节日 她都会很耐心的做菜 而且我老爸也是这样 我要是自己做 做2个菜以上我都嫌弃麻烦,0.677480049760053
平常我喜欢去买菜app上买切好的菜和肉 回家爆炒一下就行了 自己调味毕竟最合自己口味 当然现在这种天气连去厨房的勇气都没了 还是安心点外卖吧,0.8581527161906332
我觉得真正的问题应该是到底因为什么现在年轻人的生活节奏越来越快越来越没有意义,0.991765693593637
半佛老师的荒诞预言再次成真,0.9561822743511597
小说里的星际时代还没来临 小说里的食品工业化进程已经快进入星际时代了,0.9997092448047553
我家炒菜都不放味精和鸡精,0.8901747818911719
人在杭州 直观感受放开半年以来 很多现做的餐馆倒闭变成 三分钟 甚至时间更少 上菜的预制菜馆 有的开外卖店天天爆单,0.9750297854675622
你在哪看的的数据,0.6652892233524131
有没有一种可能 中国是因为人多 所以得癌的人多 有没有一种可能 要看一下癌症发病率更加客观一些呢,0.8787758250581548
看样子王刚老师做预制菜 正好踩在了风口上 而且做事认真仔细人品也好 粉丝都很看好他 应该可以成功,0.5683611150979605
然后是 营养液,0.5
以前一年出去吃不了几顿 现在人人都在外面吃 但全中国没有多少专业厨师了 有的都去高档酒店寻找高薪了 学厨很辛苦 年轻人有几个能花学十几年学厨师 条件都不允许 学个两三年皮毛出来发现累半天还不如预制菜 学十几年会甘心做普通大锅饭 没有便宜的厨师资源了 这是个社会现象 除了少数高档餐厅 别说廉价食堂 现在真金白银点外卖 出去吃 除了各种火锅焖锅烧烤 90 都是预制菜 像以前靠厨师一个一个慢慢炒 不被竞争对手挤倒闭 老板自己也会觉得太慢 全社会各行业都在内卷浮躁 不管你愿不愿意 以后专业厨师就是为有钱人服务的高端职业 慢慢就没有便宜的厨师资源了,0.7963922372426367
我准备回归被娱乐至死和996混合双打安排的明明白白 活的很不快乐 计划回到买买菜自己做饭的朝鲜式慢节奏生活,0.9934354845800141
预制菜也是过度而已 一旦标准化就意味着能程序化 在机器人时代 家政机器人成熟后 会退出市场,0.7834860953712728
面对现实 让我们热情拥抱一切工业化吧,0.9993303917587966
连爱情 都逃不脱 预制菜,0.5554546700797974
你知道我每天上班那么累 还只能吃速冻包的痛苦吗 з _有时候真的觉得活着没什么意思,0.5582636525769055
不必太担心 预制菜因为竞争只会越来越精致 还原本来食品的味道 不可能都变成牙膏的 方便面类视频几十年的进化就是最好的例子,0.8543707626154113
提升生活质量的2步 下班到家后立即点外卖 点完外卖后立即洗澡,0.9846476268779211
在未来新鲜蔬菜瓜果是奢侈品 人们只能吃预制菜 因为便宜吗 还是因为预制菜不需要用新鲜蔬菜制作,0.9924231254429126
一年后了 预制菜进入校园 孩子们根本没得选,0.791818856010627
发现半佛这么早就已经做了这期视频了 然后我发现自己也看了 还点赞了 但是完全忘了,0.9878841320593545
23年来考古,0.6791264022373467
半佛老师 摇摇领先 我来考古了,0.9698605541091337
工业化是必然趋势 无法改变 能做的就是提高人工成本 想办法从中捞点汤喝 富人想提高生活品质吃手工做的那就付出点代价,0.9974087449215716
做饭对于我来说是解压的方式 便宜了蹭饭的同事,0.8173315517892507
很早以前就知道预制菜会越来越多 好多年前油管有的博主说家里穷都是吃微波食品长大的 就明白了 我们也逃不掉经济规律,0.9071064886488577
半佛老是预言家 刀了,0.796667243207825
天呐 您预见了未来,0.9612139517089291
感谢我家里人开的小餐馆 感谢单位食堂 让我能日常方便地吃到现炒现卖的菜,0.7508829539106808
前几年我妈喊我吃饭嫌麻烦选择点外卖 这段时间吃得人都不舒服了 开始嚷着要回家吃饭,0.8666300625633663
预制菜是时代的产物 但是同时也要顺应时代 需要时间给国民和市场适应 国家强制推行就必然打乱市场违背民义 再加上国民本来就对国内的食品安全缺乏信心 国家此举无异于揠苗助长,0.9985254261880185
它预制的是菜 救的却是我的命 时间,0.7937003304407111
这一期真是预言啊,0.7941720773343097
其实从方便面与面馆的现状就能预见预制菜和饭馆的未来 评论区的一些观点有些过于悲观了 什么快进到吃能量棒 或者糊糊 就看看方便面到现在百花齐放 面馆还不是很多 工业化确实能压低成本 但也不能无限的压低 同时资本为了保证盈利的效率 所以有一定品质的预制菜定价是不会太低的 那么实体饭馆就不会消失 我们离吃糊糊 吃能量棒还早,0.9999864934587809
确实 多想和想多中间差挺多的,0.8326956998328578
如果说食品有一天发展到了一天恰几片药整几口膏就能活的日子的话 我不会伤感 而是会很开心 因为这不仅每天节省了至少一个半小时以上的吃饭时间 还让我可以自由选择平常吃什么零食 想去享受一把了 就选择价格略贵的速食 快餐 饭店 每天被厨房占据八分之一的清醒时间真觉得不值 这时间拿去玩不好吗,0.9999995710210439
经济规律无法违抗 就像日用品都是工业生产而手工品只能成为奢侈品一样 日常外食最终也会被工业化取代 食物最终一定会与已经工业化的日用品一样 不愿使用工业化产品又不愿花钱买手工奢侈品那就只能自己DIY,0.9687365836713678
或者还有另外一种形式 配送式食堂 一个公司每天现做盒饭 然后配送到全市 就像以前送牛奶那样 既比外卖健康 又比自己做省事,0.9871450725162089
农村生活的我 不自己做还能咋样,0.5198437502757304
昨天检查一家很有名的中型餐馆 地段牌子都是想当当 结果发现用的料理包都是成箱成箱过期的 关键是我还点过他们家的外卖 大店子都这么玩 更何况外卖平台上一些销量好的小店 现在不管是到店吃还是吃外卖 真的等于慢性自杀了 会做饭成了项生存技能,0.9289720176770653
已经进校园了,0.8412295807512232
个人观点 更应该关注的是怎样才能达到健康标准 街边太多一吃就喷的餐馆了 即便它是现炒的照样没良心 吃多了一样出问题 所以问题的核心还是怎样更健康 在预制菜大行其道的当下有关部门是否做好了质量监督 这才是更应该关心的,0.6219967809183337
我是很支持预制菜的发展 这和我支持国家发展 支持老板给我涨工资一样 为什么以前地摊小餐厅这么便宜 因为人工成本低全国平均人工薪资太低了 你觉得预制菜不好吃 不是因为它是预制菜而是单纯因为它不好吃 如果预制菜的生产贮存保鲜运输技术再升级 和现做菜的区别做到普通人无法察觉 甚至比现做菜更好吃那你怎么选 预制菜不是发展太快了 而是发展得还不够快 有一个很绝妙的例子 牛排 现在高级牛排都讲究一个熟成是怎么来的 就是以前航运太慢了有没有冰鲜导致肉类在船舱自我降解 现在技术发展了牛肉从屠宰场到你的餐桌仍然新鲜 但是你却觉得不新鲜的更好吃 一百年以后你的智能灶台已经可以模拟国宴大厨做出你想吃的任何现做菜 可能到时候你就会怀念当年的完美预制菜了 我只能说半佛你格局太小了,0.5457478804162608
问题是所以速冻预制食品都离不开添加剂和防腐剂 本人现在对添加剂越来越敏感 属于吃一顿袋装腊肉第二天就能头疼一整天的类型 我还是习惯自己做点素的,0.6340034008020391
提问 那这种预制菜料理包 适合买回家自己做吗 一个人或者小两口有时候懒得做哈哈哈哈,0.7158722025083649
半佛老师又超前了,0.9463658080305025
说得透彻 真正兼顾了理想主义和现实主义的分析,0.9910783906562611
从小就希望能发明一个东西像饼干糖果药片这样 可以有各种口味 吃一颗几天都不饿 且对人体无害,0.9757410194977816
里面有一句很有预言性 上一代还进厨房 我们这代只要简单能吃就好 下一代估计不会进厨房了最好就是加一下热就能直接吃,0.9910833560934318
还好我还留有一些种地养鸡和做家常菜的手艺,0.8808330445638586
人生的意义就是通向死亡的道路 当然这个道路你可以做些有意义的事情 做些无意义的事情 多巴胺或许会决定一切,0.9999031888341017
预制菜对全家都不会做饭的我来说真的是人类之光 便宜又方便,0.7000834268074989
上个班累得要死 下班还做个X的饭 直接点外卖多方便,0.8089094948418232
越来越感觉自己是被饲养了 所以还是坚持自己做饭吧 这是身为高级动物的尊严,0.9841006579772913
我特别羡慕 黑客帝国 那营养餐 高效 营养素均衡 再也不用想今天吃什么了 通通解决,0.9985459368545933
坐标苏州工业园区 外卖千篇一律的口味已经逼得我基本天天做饭了 自己做菜价格和味道真的都比大部分外卖好太多了 就是费时间精力,0.802620755528729
社会一直在朝着更有效率的方向发展 而不是让人更舒服 这个事情本身就是在拖效率的后腿,0.9895023279715813
杭州被称为美食荒漠就是这个原因 这也会是其他城市的未来,0.9795732366752994
不要忘记我们是年轻人与中年人截然不同,0.9531822621819676
对于国内的饮食环境 预制菜等于不透明 你不知道他拿什么做的,0.5955615042214497
还是自己买菜在家做好 想怎么做就怎么做 前提是会做,0.808994407324963
是啊 小时候幻想的未来 人类吃个小药片就是三餐,0.9999233170745835
总结 以后厨师行业有搞头,0.5746308593108054
总算和相亲相爱一家人达成共识一次了,0.9324385098119687
预言了,0.7499999999999999
一个人做饭忙活一个小时 吃饭只要10分钟 吃完还有锅碗要洗 真的累了 羡慕父母的生活 8点上班 6点下班 做饭就还ok,0.9178985753179919
天天自己做饭的人从不为吃的烦恼,0.9366478632490028
预言家 刀了,0.8008159530592902
大概清炒时蔬 会是最后的倔强,0.504396427774582
我不认为餐馆和厨师会被预制菜取代 预制菜更像是一种半成品的食材 就比如半成品鸡块 蛋挞 方便面等 只需要自己稍作加工就可以食用 在市场上 依靠其成本优势以及相对稳定的口味 预制菜肯定会抢走很大一部分饮食市场 但是对于高端饮食市场 预制菜基本没有胜算 对于口味比较出色的餐馆 它并不会因为预制菜的出现而受到很大的打击 相反 在大多数中低端餐馆被预制菜卷消失后 剩余口味出色的餐馆会逐渐走向高端消费 价格或许不会很贵 但至少是普通人在特殊日子才会去的地方 比起担心传统中餐馆是不是会消失 现在更应该担心的是 过度的工业化是否会导致相当一部分从事饮食行业的人失业 这对于社会的wd是否有影响 综上 我的观点是预制菜会对饮食市场造成不小的冲击 但是这种冲击是良性的 它会淘汰味道不如它的餐馆 降低人们吃饭的成本等等 但是对于成万上亿的饮食工作者来说 预制菜的出现等于为社会输送成千万的优秀厨师毕业生,0.9999999999990836
快进到每个人下根胃管用营养泵每天12小时输注sp 办公就是坐在定制马桶上 一边吃一边拉一边打工 当然工位是在传送带两侧 统一宿舍化管理 上班传送带送来 下班传送带送回 如果下班有娱乐需求 有公司内部的商场 里面吃喝玩乐一应俱全 直接从工资里面扣除消费 那可谓是盛世啊,0.9959208804589544
方同学Alan 哈哈哈哈哈我说的就是高端的富士康,0.8740311534323858
回想我长胖的历程竟然是从自己做菜开始的 图方便做的都是下饭菜 青椒肉丝 番茄炒蛋 麻婆豆腐 鸡米芽菜 每顿都是一碗米饭起步T_T,0.9757249523476029
我喜欢做菜 想吃了 就会开始琢磨怎么做 怎么好吃 做完了家里人一起吃 夸我做的好吃并且全部吃光特别有成绩感,0.9987827478162131
辞职了 天天早上去市场买新鲜便宜的菜 在家自己做饭吃 生活成本挺低的 而且没啥精神压力 还有时间去健身,0.9496057965229205
想了解预制菜的高阶形态 看看 行走的大大大羊腿 这位特工拍的加拿大超市就知道了,0.9980862604996507
人的本质可能就是懒吧 有时想着吃夜宵 走到厨房 发现很麻烦 可能该做的不好吃 于是打开外卖平台准备点外卖 然后看着外卖太贵了也没什么特别好吃的 基本是那个吃腻的味 又突然下决心煮个面算了总结来说还是得看个人价值的衡量,0.8810778270226931
解答了我疑惑为什么欧美在外面餐馆吃饭那么贵,0.9163898525655125
这条动态下面就是王刚的青椒肉丝炒饭 何其应景又何其讽刺,0.9118728251373142
懂了 及时行乐多吃现炒菜,0.693730816770001
现在大部分只有小的夫妻餐馆才现做,0.5872812541781571
你猜我什么时候回来重温的,0.9459204708790022
韦伯对于人类社会的预言在应验 一切都是人类自己选的 然而还是没得选,0.9997998994361361
下班干饭 同事 老板 胡萝卜 老板 西红柿 卑微打工人的天然维生素的摄入来源,0.9709244949606373
在有 民以食为天 俗语的国度 饮食文化无比发达的文化里 我们的人居然有朝一日不得不放弃做饭 预制菜的兴起 背后的原因真是很悲哀啊,0.9994424081004905
爸爸 这条评论会慢慢沉下去,0.9556983898953937
我的第一想法竟然是如果价格便宜好像也挺好 真的被生活压弯了腰,0.9928444270455066
感觉好可悲 这样活着的意思是什么,0.9602865576722225
主要是添加剂问题 这些天天要吃的东西如果一堆添加剂 时间长了肾脏肠胃肯定会出问题 不像是副食品不会天天吃的,0.9611337009892138
我已经完全继承了我父母做菜的手艺了 而且做点简单的菜并没有想象中那么费时间和难 除了过年过节现杀现做或者一些需要闷煮很久的大菜之外 电饭煲煮饭1个小时 三菜一汤都能在这一小时之内做出来 这还是一家人的量 自己一个人就更容易了 一个肉菜一个素菜足够了 多了也吃不完,0.9832513683614055
不从别人的角度出发 我是真的离不开我爸做的菜 真的觉得味道很重要 对于现在吃饭已经不是为了活下去来说 就是为了好吃了,0.895899869797843
自己做菜的好处就是口味种类可以更加精确配合自己 防腐剂添加剂也相对较少 盐味精也可以少摄入,0.9988388123617101
不管多么经典的料包都没有自己手工的香 有条件还是自己做的好 毕竟吃和睡已经是普通人最能提高生活水平的奢侈品,0.998629679932251
